CustomerID,Recency,Frequency,Monetary
12347.0,2,182,4310.0
12348.0,75,31,1797.24
12349.0,19,73,1757.55
12350.0,310,17,334.4
12352.0,36,85,2506.04
12353.0,204,4,89.0
12354.0,232,58,1079.4
12355.0,214,13,459.4
12356.0,23,59,2811.43
12357.0,33,131,6207.67
12358.0,2,19,1168.06
12359.0,58,248,6372.58
12360.0,52,129,2662.06
12361.0,287,10,189.9
12362.0,3,266,5226.23
12363.0,110,23,552.0
12364.0,8,85,1313.1
12365.0,291,22,641.38
12367.0,4,11,168.9
12370.0,51,167,3545.69
12371.0,45,63,1887.96
12372.0,72,52,1298.04
12373.0,311,14,364.6
12374.0,25,33,742.9300000000001
12375.0,11,17,457.5
12377.0,315,77,1628.12
12378.0,130,219,4008.62
12379.0,82,40,852.24
12380.0,22,104,2724.81
12381.0,5,87,1845.31
12383.0,185,99,1850.56
12384.0,29,27,585.27
12386.0,338,10,401.9
12388.0,16,100,2780.66
12390.0,80,32,549.84
12391.0,22,100,460.89
12393.0,72,64,1582.6000000000001
12394.0,64,27,1272.48
12395.0,19,156,3018.63
12397.0,36,126,2409.9
12398.0,46,85,1635.6599999999999
12399.0,119,59,1108.65
12401.0,303,5,84.3
12402.0,323,11,225.6
12403.0,50,5,427.7
12405.0,149,54,1710.39
12406.0,22,105,3415.3
12407.0,50,77,1708.1200000000001
12408.0,33,105,2888.55
12409.0,79,109,11072.67
12410.0,309,26,693.3299999999999
12412.0,75,61,1226.88
12413.0,67,38,758.1
12414.0,217,18,562.41
12415.0,24,714,124914.53
12417.0,3,192,3649.1
12418.0,113,34,668.58
12420.0,64,29,600.39
12421.0,16,45,807.04
12422.0,96,39,803.5600000000001
12423.0,1,125,1859.31
12424.0,163,30,1760.96
12425.0,78,36,777.2
12426.0,195,30,582.73
12427.0,22,31,825.8
12428.0,26,294,7956.46
12429.0,9,97,3750.4
12430.0,43,11,256.4
12431.0,36,235,6487.45
12432.0,43,108,5059.32
12433.0,1,420,13375.87
12434.0,85,50,806.14
12435.0,80,36,7829.89
12436.0,100,16,509.01
12437.0,2,199,4951.41
12438.0,14,98,2906.85
12441.0,367,11,173.55
12442.0,3,12,172.06
12444.0,21,176,5005.46
12445.0,22,4,133.4
12446.0,58,57,1002.3100000000001
12447.0,243,26,476.49
12448.0,44,22,449.45
12449.0,22,191,4067.29
12450.0,156,8,197.88
12451.0,11,354,9035.52
12452.0,17,22,430.57
12453.0,134,43,707.09
12454.0,56,15,3528.34
12455.0,73,90,2466.86
12456.0,44,125,3181.04
12457.0,66,62,2363.23
12458.0,71,38,947.4
12461.0,94,35,826.88
12462.0,19,62,1189.59
12463.0,53,83,1344.78
12464.0,10,29,1212.05
12465.0,17,47,742.1899999999999
12468.0,188,38,729.5400000000001
12471.0,2,460,19824.05
12472.0,32,339,6572.11
12473.0,29,168,3938.5499999999997
12474.0,17,424,7375.79
12475.0,54,36,723.38
12476.0,16,233,6816.42
12477.0,23,300,13219.74
12478.0,4,36,680.99
12479.0,11,31,527.2
12480.0,28,154,3281.63
12481.0,23,217,5596.32
12483.0,17,75,2484.98
12484.0,33,346,4541.72
12488.0,10,55,1298.66
12489.0,336,15,334.93
12490.0,5,245,5417.93
12491.0,39,26,460.40000000000003
12492.0,63,20,263.21000000000004
12493.0,166,22,433.74
12494.0,16,77,1246.1000000000001
12497.0,82,14,1043.1
12498.0,21,23,403.70000000000005
12500.0,23,61,4257.82
12501.0,337,149,2169.39
12502.0,96,147,3723.87
12504.0,18,9,482.04999999999995
12506.0,233,23,73.5
12507.0,134,21,1304.81
12508.0,26,69,398.27
12509.0,284,7,176.5
12510.0,143,33,982.5699999999999
12512.0,66,34,138.03
12513.0,113,35,612.29
12514.0,267,51,1017.68
12515.0,353,16,383.7
12516.0,78,26,1312.06
12517.0,28,284,2502.84
12518.0,1,124,2056.89
12519.0,64,18,340.84
12520.0,79,152,2634.26
12521.0,143,38,599.68
12522.0,39,12,192.72
12523.0,19,106,1789.77
12524.0,9,144,4485.72
12526.0,1,71,1316.66
12527.0,82,18,348.71000000000004
12528.0,9,92,1933.48
12530.0,60,66,1662.28
12531.0,15,17,125.22
12532.0,30,16,349.83000000000004
12534.0,131,63,1089.18
12535.0,92,34,716.35
12536.0,59,259,4279.71
12538.0,29,21,363.95
12539.0,22,273,5568.35
12540.0,20,478,13400.24
12541.0,30,52,981.18
12544.0,36,19,372.7
12545.0,75,50,1000.39
12546.0,47,69,1161.5
12547.0,198,8,207.79999999999998
12548.0,166,5,95.19999999999999
12550.0,79,57,964.83
12551.0,358,10,168.0
12552.0,39,20,437.82
12553.0,8,191,3692.28
12556.0,50,121,603.71
12557.0,16,33,11990.960000000001
12558.0,8,11,269.96
12559.0,311,21,561.71
12560.0,5,105,2134.01
12561.0,303,16,238.85
12562.0,8,168,3781.7400000000002
12564.0,261,21,456.9
12565.0,289,9,145.92
12566.0,86,19,351.65
12567.0,23,446,9401.28
12569.0,2,188,4124.69
12571.0,40,34,519.61
12572.0,9,60,1020.42
12573.0,227,28,160.54000000000002
12574.0,316,11,218.45
12576.0,36,88,1315.83
12577.0,35,147,657.8
12578.0,21,114,2794.51
12579.0,78,29,440.42
12580.0,247,24,415.7
12581.0,40,15,197.71
12582.0,239,22,511.36
12583.0,3,247,7281.38
12584.0,4,96,2338.15
12585.0,234,87,2040.1
12586.0,17,11,196.94000000000003
12587.0,8,4,144.0
12588.0,39,10,214.89999999999998
12589.0,29,35,646.68
12590.0,211,68,9864.26
12591.0,317,26,452.84999999999997
12592.0,92,18,437.6
12593.0,109,21,418.09999999999997
12594.0,38,118,3338.2200000000003
12596.0,51,27,618.27
12597.0,19,206,3811.22
12598.0,10,132,3023.08
12599.0,29,62,1032.58
12600.0,29,64,2599.04
12601.0,190,28,577.0600000000001
12602.0,59,12,153.12
12603.0,22,2,739.1999999999999
12604.0,79,16,254.18
12607.0,60,101,1579.51
12609.0,78,60,1126.85
12610.0,23,106,2099.54
12611.0,52,65,1193.32
12612.0,74,19,704.0400000000001
12613.0,57,153,3344.38
12614.0,278,20,315.6
12615.0,2,105,2291.19
12616.0,95,32,713.3
12617.0,29,42,355.53
12618.0,22,11,177.31
12619.0,16,90,3641.24
12620.0,15,92,1339.41
12621.0,2,467,13689.67
12622.0,232,11,180.1
12623.0,276,18,305.1
12624.0,106,38,641.13
12625.0,212,86,2683.82
12626.0,23,294,6620.48
12627.0,11,230,4478.53
12628.0,4,41,786.46
12630.0,10,64,1270.88
12631.0,57,31,640.5
12633.0,59,101,2163.98
12635.0,90,101,1689.18
12637.0,67,390,6021.9
12638.0,33,39,671.69
12639.0,239,22,486.1
12640.0,24,53,1174.58
12641.0,115,10,185.9
12642.0,25,47,1013.26
12643.0,128,24,3344.64
12644.0,130,31,477.91
12645.0,34,73,1775.18
12646.0,5,45,1346.97
12647.0,22,121,3722.82
12648.0,155,21,318.05
12649.0,107,31,623.51
12650.0,3,20,314.44
12651.0,335,9,114.0
12652.0,331,48,919.98
12653.0,149,43,2209.85
12654.0,11,38,601.98
12656.0,17,126,4051.17
12657.0,11,47,1643.18
12658.0,19,36,686.05
12659.0,30,5,91.68
12660.0,11,13,245.1
12662.0,1,230,3849.78
12664.0,8,37,4881.88
12665.0,325,3,63.0
12667.0,58,33,620.13
12668.0,12,161,3807.15
12669.0,151,100,1607.73
12670.0,10,92,2996.05
12672.0,330,10,225.89999999999998
12673.0,5,42,610.52
12674.0,39,83,1970.6
12676.0,25,45,1331.39
12678.0,42,165,17628.46
12679.0,59,48,1113.02
12680.0,1,52,862.81
12681.0,15,638,13787.54
12682.0,4,525,12288.22
12683.0,4,344,8476.57
12684.0,8,105,2283.63
12685.0,28,157,2863.08
12686.0,372,7,89.14
12688.0,114,171,4873.8099999999995
12689.0,26,72,1247.61
12690.0,206,16,389.01
12691.0,28,32,1035.8
12693.0,127,39,855.91
12694.0,70,37,869.67
12695.0,7,27,582.1
12697.0,29,41,957.59
12700.0,8,268,4939.99
12701.0,80,53,797.71
12702.0,20,12,219.0
12703.0,71,21,283.55
12704.0,7,88,2340.84
12705.0,15,334,6868.29
12707.0,292,33,603.42
12708.0,30,157,2712.91
12709.0,15,208,9736.52
12710.0,97,77,1149.02
12712.0,29,133,4396.13
12713.0,1,38,848.55
12714.0,9,259,4708.86
12715.0,106,21,353.86
12716.0,4,69,1053.49
12717.0,151,55,1030.98
12718.0,71,19,238.25
12719.0,5,39,644.95
12720.0,3,354,5781.73
12721.0,32,161,2656.13
12722.0,85,53,997.63
12723.0,4,69,725.07
12724.0,5,53,1031.41
12725.0,371,24,427.8
12726.0,28,124,2609.1
12727.0,11,139,3980.7
12728.0,71,46,836.33
12729.0,114,26,453.01
12731.0,24,274,18895.91
12732.0,180,12,236.26000000000002
12733.0,234,22,383.95
12734.0,353,4,110.39999999999999
12735.0,315,43,779.5699999999999
12736.0,333,4,234.0
12738.0,372,11,155.35
12739.0,78,38,1013.04
12740.0,64,27,427.6
12743.0,134,134,546.43
12744.0,56,217,9522.29
12747.0,2,103,4196.01
12748.0,1,4595,33719.73
12749.0,4,199,4090.88
12750.0,129,15,275.88
12752.0,81,53,4366.78
12753.0,23,197,21429.39
12754.0,236,63,3010.74
12755.0,281,4,3811.95
12756.0,87,4,112.07999999999998
12757.0,16,369,5373.14
12758.0,117,97,2791.59
12759.0,52,95,1531.44
12762.0,8,69,1898.52
12763.0,138,18,494.08
12764.0,317,45,1693.88
12766.0,4,310,6989.63
12769.0,239,32,1143.6
12770.0,211,12,1351.45
12772.0,60,55,892.47
12775.0,17,66,1386.04
12778.0,20,50,822.23
12779.0,38,149,3981.36
12781.0,64,25,826.74
12782.0,5,103,2330.92
12783.0,2,84,2225.91
12784.0,9,59,574.42
12785.0,364,14,311.95
12787.0,10,20,463.66
12789.0,65,4,91.85
12790.0,192,21,324.92
12791.0,374,2,192.60000000000002
12792.0,257,25,400.53999999999996
12793.0,335,24,545.48
12794.0,53,45,860.41
12795.0,19,14,430.48
12797.0,366,13,254.03
12798.0,10,8,6977.04
12802.0,187,25,427.58
12808.0,37,28,483.65000000000003
12809.0,178,25,489.31
12811.0,261,31,514.85
12812.0,45,15,229.64000000000001
12814.0,102,2,125.92
12815.0,148,47,1063.46
12816.0,96,29,572.2
12817.0,281,4,166.04
12818.0,262,14,1542.08
12820.0,3,59,942.34
12821.0,214,6,92.72
12822.0,71,46,948.88
12823.0,75,5,1759.5
12824.0,60,25,397.12
12826.0,3,91,1474.72
12827.0,6,25,430.15000000000003
12828.0,3,56,1018.71
12829.0,337,11,293.0
12830.0,38,38,6814.64
12831.0,262,9,215.05
12832.0,32,27,383.03
12833.0,145,24,417.38
12834.0,283,18,312.38
12836.0,59,175,2612.86
12837.0,173,12,134.1
12838.0,34,123,683.13
12839.0,3,314,5591.42
12840.0,144,113,2726.77
12841.0,5,420,4022.35
12842.0,70,34,1118.99
12843.0,66,103,1702.26
12844.0,29,52,325.96000000000004
12845.0,267,27,354.09
12847.0,22,91,871.54
12849.0,31,51,1050.8899999999999
12851.0,97,50,135.18
12852.0,295,17,311.55
12853.0,135,78,1957.1000000000001
12854.0,79,110,1324.5
12855.0,373,3,38.1
12856.0,8,314,2179.93
12857.0,211,46,1106.4
12863.0,52,5,521.2
12864.0,138,3,147.12
12865.0,26,95,1568.23
12866.0,283,26,559.12
12867.0,26,538,4036.82
12868.0,186,107,1607.0600000000002
12871.0,84,11,380.64
12872.0,327,66,599.97
12873.0,282,4,374.0
12875.0,143,2,343.2300000000001
12876.0,58,85,2218.02
12877.0,4,154,1535.77
12878.0,236,47,854.99
12879.0,45,10,573.22
12881.0,276,7,298.0
12882.0,9,13,1463.04
12883.0,25,42,703.47
12884.0,88,7,309.05
12885.0,63,71,1175.22
12886.0,68,82,1378.4
12888.0,214,5,354.12
12890.0,24,82,380.46999999999997
12891.0,186,3,331.0
12893.0,31,34,188.14
12895.0,42,22,372.8
12897.0,205,4,216.5
12901.0,9,116,17654.54
12902.0,265,10,138.68
12904.0,18,72,509.58
12906.0,12,63,2919.81
12908.0,176,2,750.0
12909.0,40,91,2178.67
12910.0,23,75,3075.04
12912.0,3,24,1662.3
12913.0,5,50,2483.63
12915.0,149,22,363.65
12916.0,139,107,3006.15
12917.0,128,2,594.0
12919.0,8,50,1335.19
12920.0,17,28,164.23
12921.0,9,720,16587.09
12922.0,161,28,405.38
12923.0,64,29,176.97
12924.0,88,30,933.7
12925.0,5,45,694.05
12928.0,35,84,2062.7000000000003
12929.0,312,8,117.85
12930.0,78,25,415.8
12931.0,22,82,42055.96
12933.0,24,106,607.53
12935.0,2,129,2160.7
12936.0,17,62,1063.9
12937.0,15,120,1504.27
12938.0,26,9,114.14
12939.0,64,47,11581.8
12940.0,55,99,913.54
12942.0,131,75,683.9
12944.0,36,30,604.51
12945.0,288,23,462.95
12947.0,144,97,1603.99
12948.0,16,116,2064.95
12949.0,31,215,4167.22
12950.0,2,23,1843.0
12951.0,9,63,1064.07
12952.0,6,79,1387.79
12953.0,10,17,329.85
12955.0,1,180,4757.16
12956.0,306,19,108.07
12957.0,10,238,4017.54
12962.0,7,16,266.39
12963.0,8,95,1856.63
12965.0,89,109,771.91
12966.0,10,10,160.18
12967.0,358,19,1660.9
12968.0,112,5,135.95
12970.0,7,151,452.24
12971.0,4,305,11189.91
12974.0,198,8,144.8
12976.0,212,22,738.6
12977.0,156,9,39.239999999999995
12980.0,158,20,7374.900000000001
12981.0,30,20,372.21999999999997
12982.0,243,28,390.54
12984.0,19,4,97.5
12985.0,1,76,1239.38
12987.0,74,28,558.7
12988.0,292,92,535.32
12989.0,3,64,6924.110000000001
12990.0,31,13,409.5
12991.0,23,31,503.76
12993.0,23,27,414.76
12994.0,4,61,974.4200000000001
12995.0,85,3,211.32
12997.0,22,59,1226.89
12999.0,196,28,455.88
13000.0,107,31,534.85
13001.0,4,339,9818.82
13002.0,318,7,120.94999999999999
13003.0,106,6,149.05
13004.0,12,404,5655.91
13005.0,174,26,513.7
13006.0,56,4,81.57
13008.0,323,14,229.46999999999997
13011.0,372,3,50.550000000000004
13012.0,9,89,1661.8400000000001
13013.0,1,219,4810.9400000000005
13014.0,11,109,3466.2799999999997
13015.0,53,176,3346.28
13016.0,73,47,789.89
13017.0,7,1,204.0
13018.0,16,458,7277.7
13021.0,4,131,2616.38
13023.0,64,40,689.9
13026.0,1,40,975.36
13027.0,114,26,6912.0
13028.0,23,45,661.3199999999999
13029.0,31,10,1247.5
13030.0,11,99,799.48
13032.0,52,71,1010.18
13033.0,357,11,190.55
13034.0,55,37,642.77
13035.0,74,27,921.88
13037.0,138,48,881.07
13038.0,80,28,908.46
13040.0,9,43,676.99
13043.0,273,13,516.42
13044.0,291,33,560.47
13045.0,99,18,305.28000000000003
13046.0,31,35,629.31
13047.0,32,172,3237.54
13048.0,14,136,1835.91
13049.0,64,14,656.6800000000001
13050.0,15,403,5836.86
13052.0,212,18,348.15000000000003
13055.0,78,76,1214.41
13058.0,25,8,271.40000000000003
13059.0,250,8,183.4
13060.0,254,15,307.53
13061.0,72,10,248.61
13062.0,191,11,346.98
13064.0,13,69,1119.49
13065.0,373,14,205.86
13066.0,24,48,470.8
13067.0,82,15,115.46000000000001
13068.0,10,2,344.0
13069.0,1,425,4436.12
13070.0,192,9,228.8
13072.0,267,7,177.15
13075.0,130,22,919.61
13077.0,1,112,729.27
13078.0,3,358,12627.94
13079.0,4,6,220.10000000000002
13080.0,179,6,58.08
13081.0,12,1024,28337.38
13082.0,126,73,3613.63
13083.0,4,18,303.75
13085.0,158,22,416.08000000000004
13089.0,3,1818,58825.83
13090.0,9,155,8910.82
13091.0,28,21,345.82
13092.0,71,25,477.83
13093.0,276,159,7832.47
13094.0,21,24,1927.3200000000002
13095.0,71,6,74.39999999999999
13097.0,33,423,6010.42
13098.0,1,572,28882.44
13099.0,99,1,207.35999999999999
13101.0,234,8,101.19
13102.0,1,304,6424.09
13103.0,40,8,243.94
13104.0,3,20,1098.48
13106.0,133,1,76.5
13107.0,44,58,1531.6200000000001
13108.0,373,10,350.06
13109.0,60,47,786.54
13110.0,31,145,1488.67
13113.0,1,200,12245.960000000001
13115.0,12,120,2294.78
13116.0,138,30,501.14
13117.0,22,76,984.91
13118.0,20,79,1197.81
13120.0,239,1,30.599999999999998
13121.0,269,50,283.73
13122.0,94,55,922.39
13124.0,90,235,3866.33
13126.0,5,140,2099.64
13127.0,78,15,259.17
13130.0,94,2,64.0
13131.0,23,44,1073.3
13132.0,262,3,77.3
13133.0,274,7,109.8
13134.0,86,98,1793.58
13135.0,197,1,3096.0
13136.0,56,127,2607.61
13137.0,11,704,3650.41
13138.0,22,63,962.39
13139.0,16,170,5064.94
13140.0,108,46,423.72
13141.0,85,135,2388.75
13142.0,19,23,307.09
13144.0,333,3,110.95
13145.0,40,6,618.52
13146.0,26,17,228.91
13147.0,10,4,712.8000000000001
13148.0,29,319,3707.12
13149.0,14,86,1676.06
13151.0,296,74,1257.8700000000001
13153.0,6,15,486.22
13155.0,33,85,971.76
13157.0,49,87,1741.22
13158.0,95,79,1201.06
13159.0,9,121,1437.85
13160.0,22,4,91.8
13161.0,313,8,112.75
13162.0,122,79,1688.29
13165.0,46,42,1021.48
13166.0,283,41,417.2
13167.0,19,65,791.33
13168.0,36,131,1319.19
13169.0,64,13,712.88
13170.0,27,32,116.00999999999999
13171.0,22,46,468.41
13173.0,4,43,353.65
13174.0,16,314,2817.03
13176.0,46,72,492.84
13177.0,65,17,282.45
13178.0,26,265,5725.47
13182.0,45,11,121.18
13183.0,8,94,3957.78
13184.0,15,181,1701.29
13185.0,268,1,71.4
13186.0,40,79,1575.89
13187.0,337,37,236.02
13188.0,11,2,114.60000000000001
13189.0,19,29,260.68
13192.0,95,63,911.94
13193.0,61,29,117.88
13194.0,136,3,60.7
13196.0,11,110,1797.78
13198.0,10,226,3401.2400000000002
13199.0,4,119,9817.12
13200.0,19,46,870.09
13203.0,10,57,869.46
13207.0,15,8,250.26000000000002
13208.0,59,149,1223.9
13209.0,30,321,5891.61
13210.0,94,22,353.48
13211.0,10,56,1197.42
13212.0,20,142,788.08
13213.0,57,90,1520.58
13216.0,268,5,333.74
13217.0,122,4,533.98
13218.0,127,5,62.63999999999999
13220.0,78,21,819.2900000000001
13221.0,240,66,847.41
13223.0,200,5,163.20000000000002
13224.0,60,108,2155.95
13225.0,3,32,6463.84
13226.0,273,16,108.21000000000001
13227.0,202,9,257.7
13228.0,81,2,358.0
13229.0,226,10,160.95
13230.0,4,611,2806.97
13232.0,13,207,1357.6
13233.0,74,43,605.12
13235.0,212,58,1031.07
13236.0,25,36,744.85
13238.0,17,31,700.73
13239.0,262,21,329.56
13240.0,96,67,663.65
13242.0,112,13,270.40000000000003
13243.0,203,58,600.07
13244.0,93,27,121.74000000000001
13245.0,51,16,430.5
13246.0,18,141,1987.3
13247.0,18,25,501.12
13248.0,125,26,465.68
13249.0,92,23,711.41
13253.0,157,36,1030.4
13255.0,9,13,399.51
13258.0,12,38,698.58
13259.0,62,87,292.32
13260.0,61,8,557.62
13261.0,269,9,944.1
13262.0,263,11,200.29
13263.0,1,1677,7454.07
13265.0,53,91,2107.66
13266.0,11,187,3834.2599999999998
13267.0,3,211,4521.49
13268.0,18,440,3214.69
13269.0,1,316,5346.2300000000005
13270.0,366,1,590.0
13271.0,37,96,217.38
13272.0,31,15,276.56
13273.0,113,16,138.98
13276.0,64,30,590.9300000000001
13277.0,16,8,258.4
13278.0,41,46,542.73
13279.0,78,9,137.75
13280.0,122,85,814.86
13282.0,18,37,1132.14
13283.0,60,7,93.66
13284.0,331,13,201.19
13285.0,23,187,2709.12
13291.0,156,42,361.11
13292.0,39,31,578.9399999999999
13294.0,190,54,873.74
13295.0,360,10,201.20000000000002
13296.0,137,5,87.4
13297.0,8,59,2089.85
13298.0,1,2,360.0
13299.0,268,5,142.5
13300.0,169,20,371.89
13301.0,104,81,618.09
13302.0,155,1,63.75
13304.0,351,21,300.42
13305.0,4,81,2000.86
13307.0,120,1,15.0
13308.0,23,54,1385.51
13309.0,7,107,1456.79
13310.0,28,72,1132.03
13311.0,4,26,598.57
13313.0,22,78,1555.32
13314.0,2,62,775.94
13316.0,37,87,5977.7300000000005
13317.0,66,124,2273.68
13318.0,1,20,640.76
13319.0,5,476,10845.550000000001
13320.0,78,106,1548.7
13321.0,72,11,567.36
13322.0,17,25,199.48000000000002
13323.0,3,21,787.85
13324.0,36,75,7121.95
13325.0,82,12,675.3
13327.0,39,108,3627.77
13328.0,316,17,1308.48
13329.0,32,17,789.0
13330.0,93,53,1140.93
13332.0,14,21,350.9
13334.0,82,268,3536.82
13336.0,77,51,795.12
13338.0,158,19,487.02
13339.0,201,54,860.12
13340.0,45,134,10736.48
13341.0,261,42,775.85
13343.0,178,19,353.43
13344.0,68,119,2543.72
13345.0,288,20,389.5
13347.0,70,8,341.36
13348.0,64,14,233.76
13349.0,11,16,247.32
13350.0,16,40,979.12
13351.0,66,16,373.94
13352.0,60,24,397.97999999999996
13354.0,71,51,743.53
13355.0,122,32,674.7
13356.0,80,42,768.24
13357.0,257,90,609.95
13358.0,269,29,439.03
13359.0,64,23,439.56
13362.0,9,166,3090.7400000000002
13363.0,18,60,992.5
13364.0,71,10,134.95999999999998
13365.0,34,128,2225.37
13366.0,50,1,56.160000000000004
13368.0,257,29,623.4
13369.0,366,14,308.28000000000003
13370.0,372,39,754.87
13372.0,90,23,378.64
13373.0,61,158,3312.25
13375.0,89,37,778.65
13376.0,99,53,1019.76
13379.0,26,97,572.56
13381.0,32,172,3639.31
13382.0,281,15,222.99
13384.0,31,152,4151.93
13385.0,330,35,534.57
13388.0,131,35,677.1
13389.0,11,51,797.96
13390.0,75,13,544.08
13391.0,204,1,59.8
13394.0,2,155,2520.02
13395.0,185,21,307.72
13396.0,29,43,1360.99
13397.0,73,38,1544.13
13398.0,192,26,457.34
13402.0,127,39,621.23
13403.0,18,3,75.0
13404.0,1,11,252.49
13405.0,74,26,572.45
13408.0,2,478,28117.04
13410.0,24,28,1003.06
13411.0,107,18,213.55
13414.0,134,24,1390.5
13416.0,44,19,712.5
13417.0,5,28,640.83
13418.0,12,304,6127.43
13419.0,64,16,221.06
13420.0,150,8,159.85
13421.0,40,104,1851.08
13422.0,64,127,2626.3
13425.0,108,78,1624.21
13426.0,1,157,3641.32
13427.0,19,29,582.6
13428.0,10,74,218.47
13429.0,11,67,1006.8
13430.0,19,49,679.45
13431.0,67,46,1269.1
13434.0,74,10,534.24
13435.0,5,101,3809.8900000000003
13436.0,2,12,196.89
13437.0,14,167,3408.06
13439.0,255,54,283.71
13441.0,92,13,296.64
13447.0,23,59,1129.14
13448.0,17,195,3539.37
13449.0,24,19,291.88
13450.0,27,71,2043.7199999999998
13451.0,26,443,2976.15
13452.0,259,2,590.0
13453.0,166,17,356.97999999999996
13455.0,25,46,1058.34
13456.0,18,63,1766.72
13458.0,7,382,9646.57
13460.0,29,17,183.44
13461.0,39,27,1445.0
13462.0,253,9,151.5
13464.0,58,41,674.68
13466.0,184,17,307.9
13467.0,11,99,1083.71
13468.0,2,302,5704.97
13470.0,99,10,165.0
13471.0,1,260,2531.58
13473.0,61,21,422.64
13474.0,236,64,229.59
13475.0,191,86,1431.78
13476.0,179,58,1238.47
13477.0,38,79,1454.58
13479.0,201,15,300.95
13481.0,46,109,1804.56
13482.0,232,11,184.64
13483.0,66,10,140.34
13484.0,241,8,313.8
13485.0,233,23,454.24
13486.0,78,69,1122.41
13487.0,58,34,575.4
13488.0,17,422,8968.31
13489.0,105,14,449.52
13491.0,52,86,1215.82
13492.0,136,50,1269.84
13493.0,275,8,618.63
13494.0,312,18,316.26000000000005
13495.0,8,48,2044.8700000000001
13496.0,11,35,653.33
13497.0,283,19,348.05
13499.0,18,42,1159.11
13500.0,23,65,1166.77
13501.0,288,52,1340.32
13502.0,17,18,292.0
13503.0,71,17,216.85
13504.0,64,22,295.93
13505.0,73,215,4393.63
13506.0,316,26,458.52
13507.0,3,162,2479.16
13508.0,244,12,110.97
13509.0,9,44,979.72
13510.0,1,115,1791.56
13512.0,261,15,251.21
13513.0,127,10,205.1
13514.0,74,4,152.20000000000002
13515.0,73,59,891.12
13516.0,21,44,1389.41
13517.0,60,141,2128.42
13518.0,86,38,659.4399999999999
13519.0,78,8,122.75
13520.0,59,93,3624.35
13521.0,1,436,1093.65
13522.0,30,5,125.80000000000001
13523.0,33,172,3964.88
13524.0,41,27,680.1800000000001
13525.0,15,6,628.78
13527.0,34,223,2287.51
13529.0,79,15,307.76
13531.0,205,22,483.8
13532.0,34,66,210.31
13533.0,183,76,270.79
13534.0,2,296,5870.08
13536.0,1,179,3448.29
13538.0,43,25,1280.85
13539.0,86,37,631.34
13544.0,40,87,291.41
13546.0,12,98,626.99
13548.0,96,124,682.41
13549.0,26,51,918.2
13551.0,319,4,91.80000000000001
13552.0,66,109,3740.07
13555.0,74,136,4149.28
13557.0,28,34,584.06
13558.0,6,175,605.06
13560.0,7,33,174.37
13561.0,216,14,141.85999999999999
13562.0,82,82,1799.33
13563.0,84,49,777.53
13564.0,144,83,1749.02
13565.0,19,38,240.22
13566.0,41,176,874.71
13568.0,173,44,192.85
13569.0,17,85,373.75
13570.0,243,27,239.49
13571.0,13,341,2092.32
13572.0,206,33,1384.25
13573.0,50,26,294.4
13575.0,23,46,732.0699999999999
13576.0,10,126,6717.34
13577.0,25,83,1687.6000000000001
13579.0,15,23,467.04
13581.0,309,10,118.0
13583.0,156,53,781.03
13584.0,307,24,142.4
13587.0,64,8,712.4
13588.0,16,174,2478.95
13589.0,15,21,379.65
13590.0,11,87,1981.92
13591.0,65,58,1117.13
13592.0,36,16,247.95999999999998
13593.0,108,128,2037.0800000000002
13594.0,53,26,396.97
13596.0,6,166,697.04
13598.0,47,40,180.17000000000002
13599.0,1,247,5153.67
13600.0,312,19,219.52
13601.0,45,99,693.32
13602.0,65,23,428.89
13603.0,26,27,164.34
13606.0,29,43,280.53999999999996
13607.0,40,98,678.01
13610.0,12,226,1131.88
13611.0,89,74,1171.8
13614.0,24,201,1610.46
13615.0,319,23,417.69
13617.0,40,44,544.18
13618.0,174,13,177.34
13621.0,117,19,213.85
13623.0,31,81,747.78
13626.0,253,19,257.23
13627.0,59,92,1638.47
13629.0,23,59,7792.36
13630.0,5,71,2031.78
13631.0,100,11,3070.42
13632.0,25,146,2121.27
13634.0,33,188,1575.16
13635.0,68,62,1071.03
13636.0,37,63,949.12
13637.0,52,101,810.5
13638.0,16,8,122.64
13639.0,74,40,1033.34
13642.0,216,66,354.8
13643.0,31,28,519.44
13644.0,16,146,2624.26
13645.0,120,5,252.1
13647.0,10,79,1678.1200000000001
13649.0,257,23,346.6
13650.0,17,96,1836.34
13651.0,35,6,94.2
13652.0,46,63,1095.08
13654.0,43,166,2707.33
13655.0,114,56,932.97
13656.0,165,49,379.65
13657.0,11,16,382.14
13658.0,10,108,2639.17
13659.0,206,104,1573.2
13662.0,86,53,897.76
13663.0,179,13,189.47
13666.0,60,12,84.65
13667.0,149,87,305.02
13668.0,3,470,6363.59
13669.0,51,9,218.55
13670.0,75,25,349.7
13672.0,301,6,186.39000000000001
13673.0,19,65,396.92
13675.0,151,25,486.82000000000005
13678.0,152,16,232.6
13680.0,1,195,3722.42
13681.0,18,57,827.83
13682.0,187,3,59.5
13684.0,286,30,67.23
13685.0,3,39,3119.44
13686.0,183,8,72.0
13689.0,63,6,910.0
13690.0,59,9,172.25
13692.0,25,53,1488.32
13694.0,4,568,65039.62
13695.0,31,90,2504.13
13697.0,39,12,151.29999999999998
13699.0,155,14,308.58000000000004
13700.0,26,197,2265.12
13703.0,318,1,99.5
13704.0,5,134,2308.06
13705.0,8,28,711.86
13706.0,303,20,330.79
13707.0,267,48,806.41
13708.0,271,51,296.88
13709.0,4,336,6328.05
13710.0,32,8,180.48
13711.0,219,13,252.06
13712.0,247,10,228.84
13715.0,281,105,1079.34
13716.0,269,21,138.28
13717.0,32,102,1445.01
13718.0,246,12,306.55
13719.0,15,60,1041.68
13720.0,117,43,799.9
13721.0,36,28,524.14
13722.0,132,85,2375.41
13723.0,217,6,199.85000000000002
13725.0,50,104,1980.56
13726.0,39,42,1079.6599999999999
13727.0,29,20,333.48
13728.0,37,63,1016.14
13730.0,136,43,752.6
13731.0,219,38,610.59
13732.0,28,33,491.86
13735.0,25,196,2885.2400000000002
13736.0,5,191,731.9
13737.0,200,30,339.59999999999997
13739.0,18,3,216.9
13740.0,241,23,350.75
13741.0,72,34,668.4300000000001
13742.0,17,321,3131.02
13743.0,3,41,1341.6
13744.0,95,72,1156.36
13745.0,162,25,300.04
13747.0,374,1,79.6
13748.0,96,28,948.25
13750.0,54,24,1647.26
13751.0,288,9,296.25
13752.0,124,76,1186.28
13753.0,288,35,741.26
13754.0,152,12,282.59999999999997
13755.0,4,342,2161.35
13756.0,2,142,5189.52
13758.0,12,117,3190.55
13759.0,33,25,659.4100000000001
13760.0,54,57,286.79
13761.0,50,70,1070.65
13762.0,219,7,306.72
13763.0,63,15,1714.96
13764.0,71,208,1521.76
13767.0,2,368,17220.36
13769.0,2,135,2796.51
13771.0,64,119,2634.45
13772.0,34,177,1132.13
13774.0,82,22,345.0
13777.0,1,197,25977.16
13778.0,103,9,178.7
13780.0,7,57,360.01
13781.0,251,17,127.84
13782.0,13,115,912.0
13784.0,10,31,2462.79
13786.0,367,7,230.39999999999998
13787.0,76,31,309.04
13790.0,4,45,348.8
13791.0,128,11,1516.0
13792.0,66,13,195.55
13798.0,1,349,37153.85
13799.0,117,39,688.86
13800.0,310,33,558.32
13801.0,67,23,324.8
13802.0,139,60,4599.42
13803.0,255,17,277.07
13804.0,31,137,2635.79
13805.0,52,13,924.6
13806.0,64,10,256.38
13807.0,367,7,112.6
13808.0,6,76,1747.66
13809.0,305,12,155.05
13810.0,29,35,1499.01
13811.0,184,13,814.5
13812.0,42,36,539.0
13813.0,40,69,1366.8600000000001
13814.0,92,57,1579.12
13815.0,22,176,4027.36
13816.0,24,28,571.6700000000001
13817.0,29,24,382.98
13819.0,302,36,1140.35
13821.0,145,59,385.64
13822.0,6,96,632.0
13823.0,19,40,957.66
13824.0,33,46,1698.94
13826.0,176,10,189.5
13827.0,58,93,412.05
13828.0,22,15,209.49
13831.0,16,74,2202.99
13832.0,19,3,52.199999999999996
13833.0,159,29,384.8
13835.0,25,55,834.57
13837.0,212,19,271.24
13838.0,6,174,691.73
13841.0,253,1,85.0
13842.0,59,206,3385.62
13844.0,11,20,361.62
13845.0,65,9,312.98
13846.0,25,55,865.0600000000001
13848.0,92,5,1255.0
13849.0,52,101,1537.95
13850.0,129,93,1595.48
13851.0,96,81,2651.46
13853.0,57,23,1090.14
13854.0,9,110,8109.5199999999995
13856.0,169,14,388.5
13858.0,57,11,216.17
13859.0,326,28,201.16
13860.0,1,76,1245.9
13862.0,18,139,2209.36
13863.0,248,20,305.78
13865.0,58,30,501.56
13866.0,74,7,145.67000000000002
13867.0,31,61,1015.29
13868.0,7,33,3192.54
13869.0,123,307,3104.95
13870.0,2,115,2770.94
13871.0,23,336,6403.25
13873.0,120,23,389.6
13874.0,358,18,540.45
13875.0,54,104,1786.79
13876.0,64,7,122.7
13877.0,86,3,117.24
13878.0,55,36,1281.53
13880.0,21,165,3219.77
13881.0,4,178,17159.52
13882.0,3,65,1191.13
13883.0,11,142,2674.48
13884.0,7,59,787.6
13885.0,189,28,506.8
13886.0,71,16,243.56
13887.0,204,19,349.55
13888.0,120,40,605.63
13889.0,93,15,416.90000000000003
13890.0,1,110,1883.8100000000002
13892.0,27,27,632.97
13893.0,298,21,821.1
13894.0,24,27,564.62
13895.0,28,118,2593.07
13897.0,50,17,311.16
13898.0,326,12,155.93
13899.0,16,19,388.52
13900.0,183,43,740.95
13901.0,72,149,2867.2
13904.0,37,26,332.64
13908.0,80,122,2369.55
13911.0,57,148,2580.91
13914.0,12,33,626.45
13917.0,50,18,272.04
13918.0,50,30,1212.8400000000001
13919.0,59,28,384.81
13922.0,352,7,172.25
13923.0,54,20,351.13
13924.0,2,117,1838.8500000000001
13925.0,93,41,678.25
13926.0,23,11,223.85000000000002
13927.0,75,21,348.99
13928.0,11,27,464.57
13929.0,169,9,842.65
13930.0,58,17,337.34
13931.0,96,58,1237.53
13932.0,295,16,307.4
13933.0,109,23,608.7900000000001
13934.0,264,31,922.1
13936.0,180,26,376.58
13937.0,169,9,158.85
13938.0,35,7,71.66
13939.0,23,45,568.55
13940.0,17,49,839.14
13941.0,22,45,5112.96
13946.0,79,11,561.5699999999999
13947.0,65,5,90.6
13948.0,361,3,102.0
13949.0,3,160,2427.32
13950.0,11,35,745.06
13951.0,176,39,674.45
13952.0,218,136,3251.07
13953.0,7,20,3515.68
13954.0,2,25,439.92
13955.0,154,33,322.96
13956.0,5,152,1026.42
13959.0,79,92,598.2
13960.0,21,12,230.22
13962.0,22,11,169.55
13963.0,308,35,664.54
13967.0,146,2,80.7
13969.0,7,626,9053.94
13971.0,19,149,2758.26
13972.0,71,15,190.25
13973.0,287,11,264.7
13974.0,49,28,413.59000000000003
13975.0,31,338,2526.28
13976.0,207,10,357.98
13978.0,15,15,196.79000000000002
13979.0,73,54,869.87
13980.0,60,11,200.14
13982.0,39,111,1871.81
13983.0,30,107,2603.43
13984.0,27,16,920.51
13985.0,4,349,7060.13
13986.0,17,13,320.46
13988.0,20,234,4147.96
13989.0,66,41,1266.08
13990.0,213,16,311.3
13991.0,12,84,855.97
13992.0,30,5,76.8
13993.0,43,121,3466.36
13994.0,4,155,2313.14
13995.0,15,86,1393.69
13999.0,10,208,3901.81
14000.0,211,15,635.66
14001.0,46,39,2043.0800000000002
14002.0,134,47,529.73
14004.0,43,171,4582.64
14005.0,10,84,2874.72
14006.0,116,30,962.19
14009.0,198,42,695.61
14012.0,278,11,328.8
14013.0,110,34,473.02
14014.0,77,39,505.18
14015.0,53,20,917.34
14016.0,162,161,4341.21
14019.0,47,66,1421.61
14020.0,17,39,642.8
14021.0,155,22,631.9
14022.0,225,28,440.0
14023.0,7,31,584.07
14024.0,122,16,327.7
14027.0,61,6,104.82
14029.0,63,15,467.66
14030.0,18,243,2360.09
14031.0,7,250,17286.86
14032.0,2,143,2975.59
14034.0,22,89,651.8199999999999
14035.0,29,66,1428.02
14036.0,285,38,626.65
14037.0,176,28,147.20000000000002
14038.0,78,92,1560.38
14039.0,33,6,152.2
14040.0,41,235,3614.92
14041.0,266,21,141.41
14044.0,27,209,652.82
14045.0,109,6,1659.75
14046.0,284,14,154.99
14047.0,9,32,1308.6100000000001
14048.0,305,85,409.93
14049.0,17,488,5681.72
14050.0,32,54,746.36
14051.0,1,210,15610.390000000001
14052.0,20,56,225.36
14053.0,124,4,260.25
14054.0,65,6,92.46
14055.0,106,10,725.6400000000001
14056.0,1,1106,8214.65
14057.0,24,284,6217.96
14059.0,267,8,183.6
14060.0,5,202,6140.42
14062.0,10,111,10464.85
14064.0,29,80,1353.74
14066.0,267,7,152.55
14067.0,64,52,374.7
14068.0,320,24,265.85
14071.0,4,324,1438.82
14073.0,32,13,151.04
14075.0,5,43,942.26
14076.0,129,46,122.47
14077.0,41,42,499.41999999999996
14078.0,102,65,1049.37
14079.0,125,12,375.1
14080.0,33,4,45.599999999999994
14081.0,302,153,934.52
14082.0,365,29,182.25
14083.0,4,181,1018.43
14085.0,2,450,4448.54
14087.0,3,69,194.42
14088.0,10,589,50491.81
14089.0,57,14,161.0
14090.0,325,1,76.32000000000001
14092.0,8,214,4076.91
14093.0,12,105,442.85
14096.0,4,5107,59268.35
14098.0,37,21,147.35
14099.0,16,250,3104.17
14100.0,138,26,194.9
14101.0,74,35,5976.79
14102.0,5,79,1360.28
14104.0,155,21,216.20999999999998
14105.0,239,74,1266.23
14107.0,52,123,2703.23
14108.0,31,34,597.91
14109.0,73,9,144.2
14110.0,4,155,5683.15
14111.0,14,10,692.85
14112.0,23,160,2915.15
14113.0,4,34,1840.42
14114.0,274,15,386.53
14116.0,20,72,1382.74
14117.0,144,3,90.0
14121.0,4,159,2780.15
14124.0,84,5,419.58000000000004
14125.0,11,167,2740.43
14126.0,8,15,706.1300000000001
14127.0,123,44,709.71
14128.0,61,46,637.5
14129.0,2,52,1123.8600000000001
14130.0,319,67,483.86
14132.0,2,200,3586.0299999999997
14133.0,130,28,605.64
14135.0,2,134,4690.31
14138.0,2,47,982.3800000000001
14139.0,46,26,415.82
14140.0,4,66,935.05
14141.0,3,40,915.13
14142.0,373,22,311.81
14143.0,134,7,115.8
14145.0,47,11,3742.2
14146.0,9,210,4191.0
14147.0,78,5,483.4
14148.0,234,3,157.2
14149.0,221,28,446.62
14150.0,36,26,658.64
14152.0,75,49,621.29
14154.0,239,52,1345.62
14155.0,266,6,118.75
14156.0,10,1400,117379.63
14157.0,20,48,432.88
14158.0,40,41,507.66
14159.0,20,1204,4693.01
14161.0,216,108,1110.52
14162.0,174,25,289.36
14163.0,87,52,2445.91
14164.0,71,29,1631.77
14165.0,276,25,122.53999999999999
14167.0,39,52,574.84
14171.0,98,58,363.79
14173.0,11,29,450.84
14174.0,33,26,134.46
14175.0,60,149,3222.3
14176.0,297,31,576.9000000000001
14177.0,86,42,559.41
14178.0,9,327,1620.93
14179.0,41,165,719.78
14180.0,11,240,4748.52
14184.0,67,24,452.89
14185.0,331,3,197.65
14188.0,31,65,2054.36
14189.0,2,265,4654.08
14191.0,2,259,4684.76
14193.0,68,42,853.39
14194.0,5,579,11349.52
14195.0,202,7,1012.0
14196.0,107,6,335.52
14198.0,18,39,701.4
14199.0,218,2,185.39999999999998
14201.0,60,37,747.44
14204.0,2,44,161.03
14205.0,17,24,466.7
14206.0,239,20,328.15999999999997
14208.0,95,10,151.74
14209.0,11,87,2073.43
14210.0,106,102,1905.8400000000001
14211.0,53,112,2241.1
14212.0,90,9,1070.48
14214.0,31,67,1004.38
14215.0,12,108,1789.72
14216.0,3,59,1839.3
14217.0,2,100,2004.98
14218.0,43,12,169.48000000000002
14219.0,4,7,89.94
14220.0,247,21,632.4
14221.0,42,193,3432.8
14222.0,177,41,683.17
14223.0,92,60,991.13
14224.0,110,118,1050.12
14226.0,29,67,2232.19
14227.0,26,175,3350.96
14229.0,52,40,1547.2
14231.0,184,50,925.71
14232.0,43,115,2048.07
14233.0,49,35,1462.72
14234.0,22,159,775.46
14235.0,75,79,3144.86
14236.0,81,15,490.86
14237.0,373,9,161.0
14238.0,326,8,146.85
14239.0,43,112,2380.85
14240.0,30,42,890.34
14241.0,184,10,213.70000000000002
14242.0,235,16,280.55
14243.0,9,141,2588.77
14245.0,220,108,1693.45
14246.0,111,75,1474.06
14247.0,278,20,136.76999999999998
14248.0,318,8,302.58
14250.0,7,111,1904.05
14251.0,2,78,2879.7000000000003
14256.0,260,53,969.0600000000001
14257.0,64,106,3099.7200000000003
14258.0,9,111,12669.98
14259.0,142,5,120.0
14261.0,51,52,1163.45
14262.0,8,143,2618.23
14264.0,155,17,333.97
14265.0,109,31,530.18
14267.0,163,55,1516.24
14270.0,332,29,492.65000000000003
14271.0,226,10,112.32
14272.0,74,33,437.96
14273.0,51,29,559.97
14276.0,99,64,1119.74
14277.0,15,225,4216.2
14280.0,197,8,134.04
14282.0,3,156,3729.34
14284.0,31,32,595.25
14285.0,21,27,1910.01
14286.0,24,280,4628.75
14287.0,8,9,176.63
14288.0,213,16,426.6
14289.0,9,47,911.26
14290.0,11,101,2314.65
14291.0,2,237,3883.25
14292.0,8,100,4871.93
14293.0,3,61,1046.56
14295.0,40,5,166.20000000000002
14297.0,18,62,1305.33
14298.0,8,1637,51527.3
14299.0,8,143,3965.62
14300.0,19,3,43.2
14301.0,117,13,640.14
14304.0,223,17,383.45
14305.0,71,105,1858.96
14306.0,51,33,2093.32
14307.0,89,180,2995.72
14309.0,8,117,2352.53
14311.0,243,20,310.26
14312.0,47,87,1611.59
14314.0,107,8,120.0
14315.0,45,101,2481.13
14317.0,65,24,508.58000000000004
14320.0,207,31,477.79
14321.0,11,123,1530.75
14323.0,115,36,605.0600000000001
14326.0,242,8,183.85
14327.0,163,12,311.65
14329.0,17,259,5014.84
14331.0,124,28,462.65999999999997
14332.0,23,26,866.31
14333.0,68,15,415.2
14334.0,17,162,2552.21
14335.0,16,63,468.26
14336.0,17,90,1614.91
14338.0,161,31,588.22
14339.0,243,14,309.52
14340.0,219,6,134.7
14341.0,45,129,2182.28
14342.0,21,21,668.5600000000001
14344.0,127,71,889.9300000000001
14345.0,39,6,108.97999999999999
14346.0,121,60,1021.58
14348.0,260,18,409.57
14349.0,10,31,133.5
14350.0,274,18,282.93
14351.0,165,1,51.0
14352.0,157,47,1078.96
14353.0,215,6,90.6
14354.0,6,9,163.62
14355.0,366,11,174.4
14356.0,80,33,701.23
14357.0,43,41,225.77
14359.0,19,55,912.18
14360.0,32,118,2128.23
14362.0,22,41,161.2
14364.0,109,69,3717.35
14367.0,8,524,9261.52
14368.0,320,8,155.0
14371.0,295,4,100.5
14373.0,358,4,76.55
14375.0,185,75,257.68
14377.0,191,11,617.05
14379.0,44,46,348.1
14381.0,52,56,202.68
14382.0,26,131,626.0699999999999
14383.0,38,59,1247.69
14385.0,9,14,202.11
14386.0,297,7,142.4
14387.0,33,140,1770.56
14388.0,10,186,3212.84
14389.0,65,45,1043.46
14390.0,10,286,4652.82
14393.0,218,5,67.95
14395.0,2,350,3507.71
14396.0,65,73,487.99
14397.0,3,87,2612.96
14400.0,149,25,574.7
14401.0,4,182,4051.48
14403.0,130,20,1475.81
14404.0,34,103,1474.32
14406.0,119,8,156.75
14407.0,107,73,2157.73
14408.0,11,107,2606.53
14409.0,71,54,2059.4500000000003
14410.0,92,193,1105.07
14411.0,311,14,1063.0
14412.0,43,43,770.03
14413.0,362,23,122.7
14414.0,92,97,1496.98
14415.0,1,590,5900.28
14416.0,22,14,490.22
14418.0,4,124,1937.25
14419.0,11,206,1058.06
14420.0,99,29,387.52
14421.0,57,27,813.11
14422.0,1,222,4263.64
14423.0,218,3,265.2
14424.0,18,1,322.08
14426.0,24,224,4481.67
14427.0,50,17,363.34000000000003
14428.0,7,144,1244.83
14431.0,303,17,470.36
14432.0,10,382,2255.51
14434.0,22,12,1372.8
14436.0,99,9,89.06
14437.0,366,5,63.0
14438.0,306,9,131.9
14439.0,320,32,2661.24
14440.0,8,55,2357.6800000000003
14441.0,1,51,1712.89
14442.0,205,63,1589.82
14443.0,54,93,1420.2
14446.0,1,293,1039.58
14447.0,19,70,1163.23
14448.0,9,20,375.35
14449.0,19,258,907.1
14450.0,181,40,483.25
14451.0,60,109,662.59
14452.0,11,62,264.44
14453.0,190,22,119.93
14456.0,5,970,3062.4
14457.0,311,4,113.64
14459.0,155,37,1837.92
14460.0,110,16,434.34
14461.0,148,180,2103.06
14462.0,66,240,2004.02
14463.0,98,6,529.62
14465.0,247,130,1058.6200000000001
14466.0,29,72,2272.4
14467.0,18,90,598.76
14470.0,12,43,461.19
14472.0,104,281,1936.84
14473.0,74,7,234.34000000000003
14474.0,46,29,547.66
14475.0,72,42,925.85
14476.0,257,19,215.7
14477.0,20,10,1309.6
14479.0,254,18,316.25
14480.0,11,13,279.05
14481.0,165,30,636.51
14482.0,18,144,2068.15
14483.0,282,9,137.1
14484.0,50,14,321.92
14485.0,39,47,165.75
14487.0,27,144,1196.33
14488.0,68,46,1064.28
14489.0,207,30,463.38
14491.0,175,17,340.93
14493.0,7,120,2383.2400000000002
14494.0,26,7,139.56
14495.0,51,6,123.8
14496.0,312,19,538.8100000000001
14497.0,309,29,475.37
14498.0,43,193,1957.32
14499.0,26,194,815.32
14500.0,88,7,356.85
14501.0,184,10,251.21
14502.0,20,624,2470.67
14503.0,3,164,3543.26
14504.0,47,107,673.26
14505.0,17,799,5905.64
14506.0,17,316,2012.17
14507.0,24,96,1383.18
14508.0,22,57,276.42
14511.0,11,68,1314.81
14512.0,188,23,275.28
14513.0,101,12,455.59000000000003
14514.0,61,73,1055.35
14515.0,18,101,2102.09
14517.0,33,18,330.45
14518.0,64,16,174.37
14520.0,2,4,270.6
14522.0,24,17,974.54
14523.0,108,12,241.09
14524.0,32,203,1867.68
14525.0,20,291,4332.2
14527.0,3,972,8508.82
14528.0,37,18,364.21999999999997
14529.0,60,229,620.04
14530.0,26,216,2925.91
14532.0,236,64,932.85
14533.0,25,62,1949.72
14534.0,3,519,4447.05
14535.0,60,330,2864.19
14536.0,260,19,171.8
14537.0,58,10,355.56
14538.0,65,19,388.25
14539.0,16,32,537.48
14540.0,10,76,996.26
14541.0,59,111,1461.65
14542.0,186,5,103.25
14543.0,29,72,3630.33
14544.0,24,114,2024.45
14546.0,5,399,2578.09
14547.0,4,366,4007.54
14548.0,151,4,652.8
14549.0,311,56,289.24
14550.0,11,48,765.62
14551.0,18,10,186.23
14552.0,152,58,165.07
14553.0,19,113,859.27
14554.0,10,216,2381.04
14555.0,57,21,324.14
14557.0,85,16,788.38
14560.0,7,74,2237.77
14561.0,76,69,1080.76
14562.0,4,423,5074.77
14565.0,96,127,3099.12
14566.0,111,4,1432.0
14567.0,57,33,1530.3600000000001
14569.0,1,12,227.39
14570.0,281,29,218.06
14572.0,3,270,2832.84
14573.0,180,235,1653.42
14576.0,372,1,35.400000000000006
14577.0,13,123,859.71
14578.0,3,24,168.63
14581.0,17,17,138.6
14582.0,41,6,114.11
14583.0,6,330,1052.55
14584.0,169,100,1042.26
14585.0,50,29,157.05
14586.0,277,19,237.36
14587.0,19,383,1601.14
14589.0,372,3,39.75
14591.0,15,197,1447.14
14592.0,35,164,570.46
14593.0,22,152,617.99
14594.0,7,53,379.83
14595.0,20,102,1740.6
14597.0,11,55,883.15
14598.0,44,50,221.97
14600.0,306,25,393.33000000000004
14601.0,11,7,213.96
14603.0,275,2,660.0
14606.0,1,2700,12156.65
14607.0,16,86,16569.5
14608.0,4,20,1785.15
14609.0,72,4,601.56
14616.0,243,3,406.08000000000004
14618.0,9,16,553.44
14619.0,246,20,394.44
14620.0,206,26,412.78000000000003
14621.0,1,92,1788.3600000000001
14622.0,185,21,320.58000000000004
14623.0,32,134,889.25
14624.0,57,13,225.85
14625.0,196,53,899.63
14626.0,24,122,2791.27
14628.0,91,24,671.96
14629.0,4,152,959.01
14631.0,51,41,1006.98
14632.0,263,8,114.56
14633.0,266,20,344.90000000000003
14636.0,36,28,609.85
14638.0,51,16,443.6
14639.0,52,172,2984.49
14640.0,24,106,2125.08
14641.0,22,7,110.46
14642.0,59,2,96.12
14643.0,170,31,693.8100000000001
14644.0,68,26,830.76
14645.0,157,30,597.09
14646.0,2,2076,280206.02
14647.0,201,30,243.22
14649.0,5,199,1417.29
14651.0,67,102,654.6
14652.0,77,29,114.18
14653.0,1,237,1947.55
14655.0,8,49,1932.23
14656.0,169,80,291.05
14657.0,18,126,848.22
14658.0,5,29,247.15
14659.0,9,253,2529.93
14660.0,87,30,285.74
14661.0,27,4,107.95
14662.0,29,168,771.17
14664.0,20,99,637.89
14665.0,61,90,1835.7
14666.0,24,14,195.25
14667.0,11,573,9241.2
14669.0,242,170,1269.99
14670.0,280,132,411.53
14672.0,235,61,765.55
14673.0,3,74,1736.4
14675.0,16,102,604.75
14676.0,31,42,2548.2400000000002
14680.0,25,258,28754.11
14681.0,71,7,498.95
14682.0,188,2,52.0
14684.0,26,421,1236.28
14687.0,107,15,628.38
14688.0,8,327,5630.87
14689.0,209,13,112.8
14690.0,44,50,371.7
14691.0,31,71,2114.33
14692.0,137,68,591.55
14693.0,265,8,172.9
14696.0,4,130,2078.95
14697.0,218,22,188.60999999999999
14698.0,2,210,1250.76
14699.0,214,8,109.13000000000001
14700.0,32,115,2235.3
14701.0,11,335,2549.37
14702.0,1,347,3292.14
14703.0,15,22,318.17
14704.0,11,415,1546.91
14705.0,199,1,179.0
14708.0,3,28,1126.37
14709.0,15,196,4921.04
14710.0,14,139,606.13
14711.0,10,357,2868.8
14712.0,29,25,917.07
14713.0,9,339,2666.36
14714.0,24,10,160.19
14715.0,25,71,867.38
14716.0,43,55,329.68
14719.0,2,237,1602.13
14720.0,6,37,663.81
14722.0,147,29,187.92000000000002
14723.0,10,278,1158.3
14725.0,25,52,718.08
14727.0,274,10,268.58
14729.0,374,71,313.49
14730.0,1,501,2005.06
14731.0,47,45,380.02
14732.0,8,147,2702.4900000000002
14733.0,16,202,9585.91
14735.0,4,194,6065.69
14737.0,4,17,1164.55
14738.0,43,54,1314.45
14739.0,4,60,3902.28
14740.0,197,89,1448.21
14741.0,12,59,1400.34
14744.0,16,26,1099.98
14745.0,113,69,1220.26
14747.0,249,18,328.2
14748.0,29,89,1415.75
14752.0,44,5,389.64
14753.0,87,30,563.15
14754.0,45,41,638.05
14755.0,10,235,5010.28
14756.0,15,38,738.96
14757.0,75,19,420.5
14758.0,145,71,1484.06
14759.0,5,102,1625.97
14760.0,297,5,89.2
14761.0,59,11,255.9
14762.0,264,21,300.52
14764.0,47,6,278.3
14765.0,29,39,254.11
14766.0,8,135,2473.37
14768.0,17,5,192.60000000000002
14769.0,3,1090,10674.75
14770.0,232,52,876.42
14772.0,112,9,139.26
14775.0,58,60,1011.9
14776.0,51,117,2538.3
14778.0,127,35,730.86
14779.0,281,41,386.15
14780.0,55,27,447.68
14782.0,320,6,200.10000000000002
14784.0,26,15,289.99
14785.0,10,3,77.4
14788.0,7,30,679.4399999999999
14789.0,29,6,197.64
14790.0,17,46,745.06
14792.0,64,2,6.2
14793.0,21,14,228.99
14794.0,3,80,1319.91
14795.0,166,6,131.45000000000002
14796.0,1,1141,8022.49
14798.0,53,12,173.74
14799.0,51,13,157.7
14800.0,48,385,4339.74
14801.0,61,59,193.14
14803.0,162,44,845.55
14804.0,9,12,353.27
14805.0,15,47,554.65
14806.0,75,11,193.39000000000001
14808.0,40,235,2741.17
14810.0,41,255,2087.88
14813.0,370,30,155.43
14815.0,37,53,778.5
14816.0,197,4,271.85
14817.0,200,63,1110.34
14818.0,74,48,657.8
14819.0,64,13,272.07
14820.0,21,29,507.29
14821.0,367,2,48.800000000000004
14823.0,180,70,321.43
14824.0,10,29,1127.71
14825.0,4,121,2226.91
14828.0,197,17,2139.76
14829.0,29,42,697.55
14830.0,53,40,197.13
14834.0,18,67,1720.3
14836.0,10,6,102.44999999999999
14837.0,90,108,1649.5
14840.0,268,4,62.85
14841.0,53,138,3295.76
14842.0,44,145,2824.69
14844.0,64,130,3189.81
14847.0,149,13,309.4
14849.0,22,388,7930.54
14850.0,312,21,325.75
14851.0,23,28,511.35
14852.0,58,143,2836.69
14853.0,24,9,475.8
14854.0,78,127,2759.83
14855.0,119,20,645.65
14856.0,36,66,1311.3799999999999
14857.0,60,60,1173.12
14859.0,13,58,1353.74
14860.0,19,11,170.32
14861.0,52,6,125.79
14862.0,26,48,841.1999999999999
14863.0,29,11,266.76
14865.0,7,4,52.2
14866.0,11,99,14389.9
14867.0,186,36,710.28
14868.0,3,144,2953.59
14869.0,9,71,725.7
14870.0,262,13,327.25
14871.0,3,98,522.38
14873.0,210,28,519.68
14875.0,108,47,1465.3200000000002
14878.0,13,124,1485.54
14880.0,77,47,706.19
14881.0,20,17,255.4
14882.0,27,11,589.7
14883.0,19,53,761.59
14885.0,132,15,765.3199999999999
14886.0,253,18,364.8
14887.0,79,6,1862.0
14888.0,207,20,369.2
14889.0,336,10,135.9
14890.0,254,7,125.65
14891.0,148,33,554.38
14893.0,10,73,1237.8500000000001
14894.0,85,23,655.75
14895.0,8,498,11138.710000000001
14896.0,205,43,468.77000000000004
14897.0,8,55,1366.38
14898.0,23,116,1303.52
14901.0,11,96,1421.29
14902.0,26,20,332.66
14903.0,21,355,2810.63
14904.0,2,69,1025.44
14905.0,158,17,616.15
14907.0,3,165,3501.1
14908.0,74,9,277.8
14910.0,3,30,434.35
14911.0,1,5673,140450.72
14912.0,17,27,867.85
14913.0,36,87,1227.43
14915.0,91,12,307.48
14916.0,71,77,1268.98
14918.0,116,45,1610.15
14920.0,213,57,977.77
14921.0,30,78,1316.07
14923.0,51,44,749.1
14924.0,246,10,310.05
14929.0,32,11,223.88
14930.0,109,128,2372.86
14931.0,5,41,1257.68
14932.0,366,17,363.53
14934.0,82,87,1890.94
14935.0,297,10,1784.71
14936.0,34,364,8137.02
14937.0,57,34,1621.88
14944.0,30,170,5900.25
14946.0,14,3,100.9
14947.0,72,14,290.82
14948.0,23,63,1101.97
14950.0,19,19,371.2
14951.0,79,20,311.69
14952.0,60,138,8099.49
14953.0,25,55,289.82
14954.0,12,85,336.17
14957.0,253,12,58.49
14958.0,147,42,499.68
14959.0,64,59,695.42
14960.0,8,27,221.27
14961.0,11,312,7044.68
14962.0,271,5,126.7
14963.0,10,198,1487.8
14964.0,247,13,206.21
14965.0,96,83,599.0
14966.0,15,38,191.32
14967.0,50,6,463.8
14968.0,30,37,147.59
14970.0,68,34,1592.06
14971.0,35,160,1116.57
14972.0,128,18,114.77
14973.0,107,32,1314.45
14974.0,37,21,114.39
14975.0,57,11,279.94
14976.0,57,72,790.86
14978.0,72,216,1931.42
14981.0,246,8,102.12
14984.0,19,41,213.27
14985.0,198,87,296.75
14987.0,16,4,326.4
14988.0,212,40,334.54
14995.0,39,61,233.23000000000002
14997.0,46,26,546.1999999999999
14998.0,170,75,429.87
15000.0,48,77,490.52
15002.0,116,115,1641.76
15004.0,147,158,1246.32
15005.0,16,1119,6316.57
15006.0,51,144,502.09
15007.0,159,12,156.91
15009.0,12,182,1261.78
15010.0,36,20,308.94
15012.0,54,128,423.04
15014.0,43,35,260.17
15016.0,173,20,170.04
15017.0,34,20,125.58
15018.0,39,31,496.21000000000004
15019.0,267,70,266.0
15021.0,9,472,1914.82
15022.0,12,135,905.04
15023.0,3,562,6802.76
15024.0,10,155,1661.33
15025.0,33,72,377.01
15026.0,80,61,469.0
15027.0,31,35,1066.1499999999999
15028.0,8,48,627.13
15030.0,72,7,518.28
15031.0,4,111,668.14
15032.0,256,52,4959.1
15033.0,5,510,2586.67
15034.0,16,394,4308.61
15035.0,90,27,252.73000000000002
15036.0,72,127,465.55
15038.0,59,130,705.49
15039.0,10,1502,19914.44
15041.0,170,67,180.35
15042.0,199,5,135.93
15043.0,31,3,537.0
15044.0,19,453,7700.2300000000005
15045.0,152,12,735.66
15046.0,9,206,5213.7699999999995
15047.0,270,22,343.62
15048.0,65,97,384.05
15049.0,274,3,121.17000000000002
15050.0,25,78,1782.09
15051.0,23,143,1391.61
15052.0,319,30,215.78
15053.0,5,71,697.79
15054.0,12,114,302.1
15057.0,275,25,1489.5
15058.0,25,276,2124.9900000000002
15059.0,41,237,1337.72
15060.0,8,121,303.09
15061.0,4,403,54534.14
15062.0,71,57,987.86
15063.0,213,5,370.79999999999995
15065.0,38,155,3158.13
15066.0,53,42,893.59
15067.0,78,82,1744.76
15068.0,46,104,553.36
15069.0,179,70,1109.53
15070.0,373,1,106.2
15071.0,94,26,982.07
15073.0,10,54,1043.41
15074.0,105,42,748.87
15075.0,78,27,773.03
15076.0,173,49,880.85
15078.0,7,440,9743.11
15079.0,213,47,895.61
15081.0,22,33,504.8
15083.0,257,5,88.2
15087.0,282,15,306.94
15088.0,21,57,1160.07
15089.0,10,145,2420.84
15090.0,308,23,381.32
15091.0,68,30,480.71
15092.0,215,26,457.81
15093.0,18,108,4597.02
15095.0,104,47,1370.6
15096.0,43,11,219.39000000000001
15097.0,4,25,248.08
15098.0,182,3,39916.5
15099.0,84,23,410.48
15100.0,334,3,876.0
15101.0,9,8,317.53
15103.0,31,35,703.36
15104.0,197,69,1027.44
15105.0,18,101,2298.93
15106.0,18,100,1422.52
15107.0,311,16,319.5
15108.0,142,60,1300.25
15109.0,246,28,484.95
15110.0,24,35,996.1
15111.0,29,84,1567.48
15113.0,10,100,3609.33
15114.0,30,197,2760.56
15115.0,18,21,340.11
15116.0,18,45,1352.75
15117.0,15,79,1551.78
15118.0,134,1,244.8
15119.0,246,14,266.4
15120.0,134,21,358.82
15121.0,50,28,457.72
15122.0,114,82,1633.78
15123.0,7,106,2199.31
15124.0,23,15,184.19
15125.0,25,127,11528.48
15127.0,66,16,406.53
15128.0,60,102,1471.0
15129.0,50,84,3447.4
15130.0,170,22,330.11
15132.0,18,52,977.9300000000001
15133.0,128,29,982.42
15134.0,15,73,1387.99
15135.0,239,9,139.05
15136.0,3,68,1286.7
15139.0,240,13,178.96
15140.0,52,80,2354.25
15142.0,46,26,498.74
15143.0,226,14,259.45
15144.0,8,217,6580.44
15145.0,4,67,1194.73
15146.0,165,91,1327.16
15147.0,240,28,623.5
15148.0,11,20,301.29
15149.0,134,23,520.8000000000001
15150.0,17,343,5314.47
15152.0,10,271,4745.69
15153.0,31,22,329.25
15154.0,75,85,296.42
15156.0,1,55,961.49
15157.0,4,125,1936.07
15158.0,45,7,401.40000000000003
15159.0,2,710,18641.010000000002
15160.0,357,4,158.16
15163.0,18,29,304.47
15164.0,69,103,843.05
15165.0,373,27,487.75
15167.0,321,41,163.0
15168.0,26,5,106.56
15171.0,331,5,1289.5
15172.0,9,110,1624.05
15174.0,323,11,135.75
15175.0,72,23,224.14
15178.0,260,3,40.5
15179.0,18,93,2206.95
15180.0,367,6,87.5
15181.0,66,16,689.4799999999999
15182.0,154,29,622.85
15184.0,29,63,406.76
15185.0,70,21,310.62
15186.0,14,19,411.41
15187.0,2,91,4777.18
15189.0,1,212,16225.39
15192.0,120,51,1044.32
15193.0,61,19,499.32
15194.0,3,310,7616.53
15195.0,3,1,3861.0
15197.0,11,32,1079.6100000000001
15198.0,92,10,193.64
15199.0,59,13,1268.7
15201.0,87,69,1236.54
15203.0,26,142,1827.8
15204.0,357,9,316.58
15205.0,85,37,653.24
15206.0,10,9,420.29999999999995
15208.0,1,42,870.12
15210.0,225,20,331.18
15211.0,60,52,894.4100000000001
15212.0,241,5,101.8
15213.0,319,24,328.35
15214.0,2,110,1661.44
15215.0,47,35,734.94
15216.0,88,2,96.6
15218.0,11,166,5756.89
15219.0,176,9,305.75
15220.0,52,117,1778.96
15221.0,366,5,403.25
15222.0,319,5,585.0
15223.0,226,20,755.75
15224.0,358,14,322.08
15225.0,234,23,409.40000000000003
15226.0,311,8,154.41
15227.0,37,58,1219.4
15228.0,66,125,3386.71
15230.0,239,23,429.6
15232.0,113,31,612.06
15234.0,277,14,197.0
15235.0,218,143,2247.51
15236.0,299,15,321.05
15237.0,2,99,1412.32
15238.0,29,50,1071.99
15239.0,10,49,780.59
15240.0,45,78,1706.57
15241.0,67,110,1756.44
15243.0,74,22,316.68
15244.0,65,34,631.57
15245.0,134,89,2515.84
15246.0,238,33,514.15
15247.0,122,6,356.0
15249.0,32,350,6688.46
15251.0,9,111,10484.99
15252.0,36,44,740.78
15253.0,16,53,918.1999999999999
15254.0,127,18,300.36
15255.0,67,47,890.85
15256.0,149,6,98.45
15257.0,283,7,317.15
15258.0,169,34,623.16
15260.0,100,77,1810.77
15261.0,135,19,254.82
15262.0,324,10,178.95000000000002
15263.0,107,12,156.51
15264.0,64,23,393.74
15265.0,151,82,1506.1200000000001
15266.0,338,6,119.3
15267.0,22,11,1717.36
15269.0,24,2,408.8
15270.0,16,41,2379.49
15271.0,7,274,2507.07
15272.0,57,63,721.94
15274.0,4,47,716.57
15275.0,38,41,615.14
15276.0,66,52,135.31
15277.0,47,12,255.89999999999998
15279.0,355,19,290.51
15280.0,172,16,113.12
15281.0,59,139,2332.15
15286.0,50,3,240.55
15287.0,22,20,486.69
15288.0,43,88,2306.52
15289.0,29,58,939.78
15290.0,5,204,7943.22
15291.0,26,103,4668.3
15292.0,201,25,180.94
15296.0,51,194,3672.86
15297.0,10,39,641.94
15298.0,2,192,4799.9
15299.0,67,7,4507.01
15300.0,64,28,496.44
15301.0,51,243,5070.35
15303.0,290,31,574.02
15304.0,61,23,694.4000000000001
15306.0,64,58,1174.35
15307.0,96,12,205.3
15308.0,274,19,310.47
15311.0,1,2379,60767.9
15312.0,75,47,924.85
15313.0,110,1,52.0
15314.0,199,24,327.97
15315.0,64,37,570.5
15316.0,327,1,165.0
15318.0,4,33,312.62
15319.0,284,16,204.5
15320.0,44,36,267.13
15321.0,71,95,2748.31
15322.0,86,42,679.68
15325.0,104,49,162.29
15326.0,334,29,311.71
15327.0,53,10,208.75
15329.0,39,57,1049.7
15330.0,32,13,714.96
15332.0,366,35,1661.06
15333.0,208,16,1028.56
15334.0,157,99,351.67
15335.0,54,36,173.97
15339.0,66,86,574.07
15341.0,81,17,2020.52
15342.0,130,24,406.09
15343.0,87,21,364.5
15344.0,1,26,563.94
15345.0,46,20,393.54
15346.0,333,17,252.42000000000002
15347.0,366,5,201.60000000000002
15348.0,72,9,158.04
15349.0,158,72,473.81
15350.0,373,5,115.65
15351.0,12,225,1960.1100000000001
15353.0,255,63,777.02
15355.0,29,14,277.05
15356.0,31,519,2766.5
15358.0,5,551,8347.2
15360.0,40,13,427.93
15361.0,362,7,418.92
15363.0,373,16,326.0
15364.0,96,29,913.19
15365.0,26,114,2314.32
15366.0,75,44,602.51
15367.0,57,95,1877.59
15368.0,21,4,446.94000000000005
15370.0,41,94,2386.05
15372.0,137,27,2007.3999999999999
15373.0,8,132,2415.91
15374.0,129,3,168.0
15376.0,40,117,1233.3600000000001
15379.0,169,194,3703.29
15380.0,9,36,1690.2600000000002
15381.0,214,8,596.85
15382.0,15,302,5955.71
15384.0,170,41,642.41
15385.0,40,12,316.88
15386.0,186,31,394.14
15388.0,270,10,140.54
15389.0,172,1,500.0
15392.0,5,84,1535.53
15393.0,16,12,231.86
15394.0,10,85,2183.54
15395.0,326,7,107.45
15396.0,113,14,288.18
15397.0,290,6,94.0
15398.0,16,73,1345.53
15399.0,1,50,815.77
15400.0,92,12,716.2
15402.0,149,42,626.77
15405.0,189,8,349.1
15406.0,31,53,510.71000000000004
15407.0,34,153,1056.44
15408.0,264,34,267.18
15410.0,84,122,3450.84
15411.0,26,99,1358.88
15412.0,171,10,190.53
15414.0,10,39,774.9000000000001
15415.0,313,48,572.8100000000001
15416.0,65,192,3984.32
15417.0,85,28,508.8
15419.0,25,8,135.86
15421.0,59,53,950.36
15422.0,323,6,97.7
15423.0,38,2,43.5
15424.0,254,17,383.34
15426.0,19,292,1447.39
15427.0,33,306,1483.14
15428.0,15,6,93.78
15429.0,27,82,397.35
15432.0,23,10,171.19
15433.0,214,41,533.3
15434.0,8,55,1041.48
15435.0,22,29,149.29
15436.0,12,329,1122.53
15437.0,262,45,200.16
15438.0,131,25,156.57999999999998
15440.0,55,62,383.68
15442.0,249,2,594.0
15443.0,2,382,3236.91
15444.0,9,219,1418.26
15445.0,264,5,113.5
15447.0,331,9,155.17
15448.0,313,28,494.64
15449.0,26,60,974.52
15450.0,30,30,429.84
15452.0,30,58,538.73
15453.0,2,286,1388.37
15454.0,362,25,179.1
15456.0,283,60,447.22
15457.0,262,58,237.07
15458.0,25,7,161.64
15460.0,354,58,216.76
15462.0,94,11,234.6
15463.0,29,7,126.14
15464.0,338,157,1048.85
15465.0,20,97,7354.62
15466.0,85,57,334.53
15467.0,9,52,524.88
15468.0,51,24,467.51
15469.0,50,24,538.55
15471.0,2,77,469.48
15472.0,113,76,371.56
15473.0,14,11,1771.2
15475.0,77,29,454.10999999999996
15478.0,40,46,1441.42
15480.0,116,45,905.5
15482.0,16,98,11054.96
15483.0,161,88,233.81
15484.0,1,188,3594.31
15485.0,30,86,2575.0
15488.0,93,2,91.32000000000001
15489.0,23,50,1134.28
15491.0,95,154,3100.09
15492.0,28,35,659.4599999999999
15493.0,33,297,2001.8
15494.0,21,125,1299.23
15497.0,18,15,1262.2
15498.0,3,512,13316.4
15500.0,8,68,1131.56
15502.0,16,212,7228.98
15503.0,363,70,147.09
15504.0,81,13,52.83
15505.0,53,97,3610.96
15506.0,23,164,979.26
15507.0,172,46,492.36
15508.0,189,92,1000.27
15510.0,331,1,250.0
15511.0,12,160,909.23
15512.0,156,7,121.0
15513.0,33,308,14758.220000000001
15514.0,12,178,4139.46
15516.0,45,15,62.43
15517.0,233,27,267.03
15518.0,64,214,1942.45
15520.0,2,18,343.5
15521.0,40,185,3000.2
15522.0,33,57,398.84
15523.0,84,10,412.01000000000005
15524.0,25,1,440.0
15525.0,2,178,825.92
15526.0,33,4,148.44
15527.0,19,163,2429.78
15528.0,254,26,229.33
15529.0,23,672,3995.23
15530.0,22,108,1502.35
15531.0,8,228,2007.44
15532.0,25,256,1580.93
15533.0,19,83,807.57
15535.0,173,75,536.4
15537.0,163,24,110.92
15539.0,7,41,538.46
15540.0,11,15,213.3
15541.0,114,29,85.13000000000001
15543.0,288,28,127.86
15544.0,9,259,3546.71
15545.0,54,81,292.71999999999997
15547.0,7,702,4954.84
15549.0,77,115,1693.26
15550.0,4,61,575.63
15551.0,37,29,436.06
15552.0,217,17,90.12
15553.0,60,56,437.23
15554.0,278,14,217.2
15555.0,12,899,4805.17
15556.0,24,31,279.77
15557.0,29,20,473.65000000000003
15561.0,12,27,800.59
15562.0,352,1,134.55
15563.0,22,113,1400.44
15565.0,50,8,173.16
15567.0,19,7,186.01
15568.0,3,53,758.29
15569.0,104,31,1375.71
15570.0,7,323,4165.52
15571.0,12,57,650.4300000000001
15572.0,5,215,2552.86
15573.0,32,104,607.45
15574.0,178,168,702.25
15576.0,38,45,940.6700000000001
15577.0,151,39,258.88
15578.0,162,13,127.1
15579.0,69,51,348.6
15581.0,122,148,1179.97
15582.0,25,44,682.9100000000001
15584.0,24,123,725.11
15585.0,177,31,455.3
15587.0,50,9,913.6800000000001
15589.0,256,29,478.53000000000003
15592.0,47,24,388.58
15593.0,71,5,199.8
15594.0,16,103,1771.78
15596.0,101,77,1406.59
15597.0,35,22,324.57
15598.0,53,14,240.68
15599.0,27,52,761.74
15601.0,11,410,6776.56
15602.0,8,46,1297.8700000000001
15603.0,79,2,48.480000000000004
15604.0,52,17,216.39
15605.0,36,67,1198.23
15606.0,61,77,2920.16
15607.0,337,13,104.76
15608.0,28,60,1093.68
15609.0,184,16,298.48
15610.0,52,6,112.46000000000001
15611.0,10,43,1591.45
15612.0,36,6,195.15
15615.0,10,423,10399.74
15618.0,33,44,776.85
15619.0,11,3,336.40000000000003
15620.0,57,100,1553.18
15621.0,4,16,1293.03
15622.0,43,185,3709.56
15623.0,141,19,301.03
15624.0,117,34,588.13
15625.0,104,64,1534.26
15626.0,75,49,675.8
15628.0,5,155,2870.2400000000002
15630.0,45,60,1186.35
15632.0,16,167,3285.31
15634.0,17,15,243.55
15636.0,90,25,724.76
15637.0,53,15,223.36
15639.0,134,25,425.32
15640.0,4,484,12515.66
15641.0,105,119,1887.2
15643.0,192,33,664.0
15644.0,166,238,813.0
15645.0,19,52,612.01
15646.0,158,35,447.64000000000004
15648.0,204,25,657.35
15649.0,336,2,816.0
15651.0,37,32,646.3
15652.0,91,21,337.74
15653.0,93,6,877.4399999999999
15654.0,9,21,922.53
15655.0,243,34,560.67
15656.0,45,47,748.5
15657.0,23,1,30.0
15658.0,190,48,1024.1000000000001
15659.0,44,11,306.45
15660.0,25,90,1600.86
15661.0,317,5,309.8
15663.0,106,9,138.14
15664.0,51,17,386.43
15665.0,168,116,2242.01
15667.0,40,13,301.32
15668.0,218,1,76.32000000000001
15669.0,40,33,684.34
15670.0,297,12,173.05
15671.0,19,78,2657.13
15673.0,88,155,2881.02
15674.0,73,114,2446.6
15675.0,81,21,323.69
15676.0,19,202,3435.76
15677.0,49,33,657.23
15678.0,53,12,352.7
15679.0,24,110,781.28
15680.0,9,78,1333.68
15681.0,25,53,1426.16
15683.0,117,10,193.75
15687.0,9,166,2993.1
15689.0,120,9,254.1
15690.0,4,19,239.76
15691.0,252,2,136.8
15692.0,28,12,191.04
15694.0,1,78,6479.4
15695.0,267,22,409.98
15696.0,33,171,2736.46
15699.0,18,18,309.65
15700.0,172,86,696.68
15701.0,2,237,1542.14
15703.0,265,5,211.5
15704.0,140,117,2293.62
15705.0,201,6,143.1
15706.0,64,55,1060.56
15707.0,35,214,945.58
15708.0,41,288,3364.2400000000002
15709.0,284,6,133.25
15712.0,9,53,1072.3600000000001
15713.0,143,19,356.7
15714.0,12,35,330.88
15716.0,146,118,1118.81
15717.0,234,7,150.3
15719.0,33,937,5045.61
15720.0,24,128,598.73
15721.0,12,91,507.08
15722.0,36,69,2222.56
15723.0,365,41,203.1
15724.0,201,11,218.25
15725.0,15,32,415.25
15727.0,17,302,5178.96
15729.0,213,5,85.0
15730.0,66,70,1120.88
15732.0,212,14,294.12
15733.0,283,10,162.3
15734.0,115,26,1339.45
15737.0,15,72,1205.1200000000001
15738.0,19,173,4812.42
15739.0,66,8,449.12
15740.0,49,9,154.88
15743.0,16,88,784.46
15744.0,78,3,34.8
15745.0,19,62,1094.59
15746.0,134,28,196.88
15747.0,13,93,974.04
15748.0,40,21,149.31
15749.0,235,10,44534.3
15750.0,3,293,2465.48
15752.0,40,411,2637.38
15753.0,305,1,79.2
15754.0,51,28,458.57
15755.0,10,141,2364.25
15756.0,61,192,532.96
15757.0,66,45,714.42
15758.0,25,9,205.25
15759.0,218,7,253.04
15762.0,65,37,583.75
15763.0,32,61,1086.92
15764.0,88,180,3279.97
15766.0,64,11,315.06
15768.0,116,27,621.8299999999999
15769.0,7,130,56252.72
15773.0,6,10,635.6800000000001
15774.0,69,25,270.8
15775.0,245,7,104.9
15776.0,133,18,241.62
15777.0,241,21,1047.11
15780.0,184,29,475.28000000000003
15781.0,25,20,345.46
15782.0,10,43,2614.7400000000002
15783.0,11,14,246.3
15785.0,33,83,2328.9700000000003
15786.0,46,267,4932.2
15787.0,26,206,948.05
15789.0,358,25,351.3
15790.0,10,35,220.85
15791.0,44,75,1612.69
15793.0,15,12,965.61
15795.0,150,42,610.01
15796.0,1,133,2711.56
15797.0,113,8,2207.4
15799.0,76,98,884.14
15800.0,107,119,699.08
15801.0,46,64,1063.95
15802.0,143,1,451.42
15803.0,51,8,415.82000000000005
15804.0,1,262,4206.39
15805.0,23,301,5528.4800000000005
15806.0,46,31,784.58
15807.0,50,48,903.9
15808.0,306,208,3734.9700000000003
15809.0,36,35,515.77
15810.0,79,89,1391.98
15811.0,22,133,2218.62
15812.0,107,41,1801.14
15813.0,208,40,1303.9099999999999
15814.0,17,72,1945.33
15815.0,64,49,2100.6
15819.0,49,123,1905.45
15820.0,320,17,206.98
15821.0,44,62,570.96
15822.0,3,33,885.47
15823.0,372,1,15.0
15825.0,172,20,532.94
15826.0,56,68,1654.31
15827.0,73,115,1836.0900000000001
15829.0,99,51,636.14
15830.0,38,39,576.0
15831.0,58,68,801.76
15832.0,254,54,836.79
15834.0,70,273,2233.75
15835.0,44,50,954.09
15836.0,50,10,137.37
15837.0,65,24,391.98
15838.0,11,167,33643.08
15839.0,33,62,1048.49
15840.0,59,27,355.56
15841.0,73,47,1224.06
15843.0,304,8,118.95000000000002
15844.0,46,11,130.73999999999998
15845.0,18,138,3711.77
15847.0,38,22,389.27
15850.0,19,97,238.85
15852.0,187,22,160.71
15853.0,52,30,110.8
15854.0,4,140,2974.65
15855.0,137,80,712.24
15856.0,4,645,16387.57
15857.0,19,14,297.0
15858.0,16,191,1438.85
15860.0,41,142,977.21
15861.0,12,546,3165.36
15862.0,8,147,832.88
15863.0,26,18,68.84
15864.0,22,20,1936.3200000000002
15865.0,41,40,895.13
15866.0,101,45,230.53
15867.0,5,461,3812.64
15869.0,277,15,149.64
15870.0,33,76,354.09000000000003
15872.0,15,128,360.93
15874.0,64,120,4405.88
15877.0,2,129,493.28
15880.0,369,105,343.28000000000003
15881.0,312,29,501.39000000000004
15882.0,199,23,516.36
15883.0,2,49,396.48
15885.0,93,18,379.35
15886.0,60,12,181.09
15888.0,81,12,168.31
15889.0,157,93,446.87
15891.0,227,62,524.52
15894.0,253,41,263.55
15895.0,150,11,179.17
15897.0,194,24,222.05
15898.0,1,86,1388.88
15899.0,369,4,56.25
15900.0,24,51,351.11
15901.0,17,116,363.88
15903.0,10,74,5126.76
15904.0,8,30,164.68
15906.0,20,150,1567.69
15907.0,4,249,967.45
15909.0,174,7,191.94
15910.0,1,267,1232.18
15912.0,178,19,264.62
15916.0,16,155,1528.09
15917.0,248,12,123.1
15918.0,191,40,334.23
15919.0,20,143,639.89
15920.0,154,60,167.5
15921.0,173,25,336.03000000000003
15922.0,373,11,369.5
15923.0,373,21,127.08
15925.0,194,12,207.15
15930.0,67,21,426.63
15932.0,4,115,2495.87
15933.0,21,74,1107.46
15935.0,239,12,416.86
15937.0,64,7,145.35
15938.0,112,18,404.58
15939.0,90,76,6115.01
15940.0,311,1,35.8
15942.0,134,14,337.44
15944.0,277,6,325.1
15945.0,365,2,181.0
15947.0,83,29,1708.24
15948.0,8,60,955.24
15949.0,17,19,364.72
15950.0,32,98,1765.51
15951.0,9,41,708.22
15952.0,34,91,806.57
15953.0,15,98,1659.3799999999999
15955.0,24,183,4416.26
15957.0,32,42,428.89
15958.0,74,7,104.35
15963.0,20,28,470.76
15965.0,17,122,845.64
15967.0,23,84,418.83
15969.0,3,20,666.1
15970.0,304,11,314.1
15971.0,18,35,4199.85
15973.0,367,4,307.82000000000005
15974.0,39,176,3442.15
15975.0,84,24,371.01
15976.0,165,98,430.94
15977.0,17,65,1054.73
15978.0,77,49,1098.78
15980.0,89,43,2398.86
15981.0,25,97,3408.48
15983.0,22,113,1475.02
15984.0,3,270,2837.67
15985.0,123,37,1142.42
15986.0,30,14,168.12
15987.0,12,140,1451.28
15988.0,19,27,158.03
15990.0,44,52,792.11
15992.0,4,3,41.989999999999995
15993.0,9,552,2797.57
15994.0,55,35,427.07
15996.0,88,130,1060.68
15998.0,37,506,3089.97
16000.0,3,9,12393.7
16003.0,30,103,2735.37
16005.0,12,218,615.39
16006.0,211,8,101.4
16007.0,48,385,1701.94
16008.0,24,33,478.78
16009.0,22,90,992.71
16010.0,246,86,407.5
16011.0,8,212,3362.71
16012.0,35,94,1415.29
16013.0,4,139,37130.6
16014.0,38,145,662.38
16015.0,4,182,705.39
16016.0,3,235,1508.76
16017.0,47,32,211.88
16018.0,39,28,408.90000000000003
16019.0,47,160,3786.2400000000002
16020.0,17,46,851.01
16022.0,260,76,628.28
16023.0,46,101,719.81
16024.0,12,64,251.24
16025.0,30,28,439.65999999999997
16026.0,43,32,236.09
16027.0,92,16,934.62
16029.0,39,241,72882.09
16030.0,310,29,331.24
16031.0,92,100,548.94
16033.0,6,1137,8816.4
16034.0,196,22,437.7
16036.0,87,55,758.92
16037.0,270,39,855.02
16038.0,8,26,471.78000000000003
16040.0,65,65,1313.55
16041.0,31,6,3166.4
16042.0,22,71,1197.27
16043.0,38,39,773.99
16045.0,120,83,1340.7
16048.0,373,8,256.44
16049.0,40,312,1111.79
16050.0,174,10,137.9
16052.0,54,34,362.06
16053.0,33,84,1511.95
16054.0,145,70,783.9
16055.0,221,8,134.8
16056.0,45,68,664.85
16057.0,16,121,2263.12
16059.0,66,180,1459.8600000000001
16062.0,10,64,1153.62
16063.0,260,23,335.32
16065.0,365,74,372.09
16066.0,17,102,1521.87
16070.0,22,33,852.15
16071.0,45,21,326.24
16072.0,288,23,584.3199999999999
16073.0,297,1,122.39999999999999
16076.0,3,129,2234.73
16078.0,284,1,79.2
16079.0,17,21,1352.0
16080.0,82,10,217.16
16081.0,56,227,2806.9
16083.0,101,31,1317.62
16084.0,299,38,436.18
16085.0,23,167,981.51
16086.0,59,39,1121.39
16091.0,155,18,315.06
16092.0,115,51,817.86
16093.0,107,1,17.0
16094.0,12,63,1078.23
16096.0,264,12,320.62
16097.0,240,10,185.04999999999998
16098.0,88,67,2005.63
16099.0,50,39,731.9
16101.0,71,76,1290.7
16102.0,42,57,1842.14
16103.0,7,48,1429.64
16104.0,62,29,302.36
16105.0,249,13,336.96
16106.0,66,6,108.38
16107.0,18,31,3204.1600000000003
16108.0,85,48,842.5
16109.0,219,18,611.88
16110.0,45,354,1337.48
16112.0,143,16,195.73999999999998
16113.0,183,30,161.38
16114.0,171,8,135.75000000000003
16115.0,10,284,1667.97
16116.0,212,34,612.78
16117.0,190,30,232.21
16119.0,8,16,423.36
16120.0,59,30,1309.14
16121.0,57,212,867.11
16122.0,73,38,684.4200000000001
16123.0,52,16,307.78
16124.0,317,11,249.0
16125.0,367,13,289.35
16126.0,29,117,6287.77
16127.0,39,40,656.25
16128.0,18,89,1880.22
16131.0,52,78,3506.54
16133.0,4,338,14589.04
16134.0,22,35,618.09
16135.0,263,21,517.55
16136.0,60,37,709.38
16139.0,19,31,635.41
16140.0,66,35,725.18
16141.0,88,30,620.4
16142.0,250,37,535.34
16143.0,3,117,2424.94
16144.0,247,1,175.2
16145.0,9,224,3799.4900000000002
16146.0,157,29,734.13
16147.0,134,22,375.0
16148.0,296,1,76.32000000000001
16149.0,5,18,280.52
16150.0,43,117,2053.02
16152.0,269,29,1829.04
16153.0,50,89,1824.23
16156.0,9,130,3122.04
16157.0,16,18,656.69
16159.0,282,14,348.2
16160.0,65,20,1025.44
16161.0,2,474,5575.56
16162.0,252,2,37.4
16163.0,232,6,856.6
16164.0,17,34,822.48
16168.0,11,98,3787.6
16169.0,8,85,1822.97
16170.0,51,125,1885.05
16171.0,59,3,73.2
16172.0,95,69,1140.21
16173.0,16,84,1418.32
16174.0,126,23,1009.5500000000001
16175.0,94,58,1037.59
16177.0,50,15,331.95
16178.0,138,8,197.9
16179.0,61,11,215.83
16180.0,100,162,10254.18
16181.0,73,11,305.54
16182.0,72,28,6617.65
16183.0,67,15,338.71000000000004
16184.0,64,45,1158.79
16185.0,17,31,529.41
16186.0,23,218,4006.94
16187.0,32,295,6911.4400000000005
16188.0,45,67,981.86
16189.0,16,11,215.48
16190.0,40,6,215.08
16191.0,3,134,5180.52
16193.0,237,19,314.45
16198.0,75,14,400.68
16200.0,4,179,1080.6200000000001
16201.0,3,111,1863.47
16202.0,361,18,365.27
16203.0,59,35,592.9
16204.0,23,57,405.71
16205.0,31,98,761.38
16206.0,55,63,537.0600000000001
16207.0,25,19,394.38
16208.0,45,66,664.26
16209.0,89,46,2262.62
16210.0,2,123,21086.3
16211.0,89,23,547.02
16212.0,19,41,690.34
16213.0,79,6,159.0
16214.0,171,44,1062.75
16215.0,81,14,242.35
16216.0,267,37,914.9300000000001
16217.0,235,15,304.25
16218.0,30,84,3084.68
16221.0,37,97,864.86
16222.0,318,137,846.72
16224.0,57,96,1295.3
16225.0,45,134,1096.32
16226.0,203,8,255.12
16227.0,225,6,314.22
16229.0,87,47,1010.6
16230.0,190,35,542.03
16232.0,44,37,990.88
16233.0,71,22,536.6800000000001
16235.0,41,46,867.31
16236.0,78,20,432.2
16239.0,57,19,414.2
16240.0,24,135,3718.8
16241.0,10,662,2607.87
16242.0,8,294,3603.21
16243.0,34,51,409.1
16244.0,212,91,1522.75
16245.0,24,90,1413.66
16247.0,170,16,114.56
16248.0,62,7,152.94
16249.0,53,69,1800.07
16250.0,261,24,389.44
16253.0,67,123,3683.86
16255.0,17,270,2619.91
16256.0,267,13,752.4300000000001
16257.0,177,2,46.95
16258.0,45,135,5203.51
16260.0,51,18,1035.45
16261.0,17,124,746.83
16265.0,9,258,5447.0
16266.0,74,61,861.89
16268.0,71,45,667.65
16270.0,353,54,1141.24
16271.0,3,133,1429.24
16272.0,117,25,411.7
16274.0,373,67,357.95
16275.0,197,33,559.87
16276.0,177,6,810.6000000000001
16278.0,100,23,566.38
16279.0,21,107,1509.58
16281.0,72,17,2062.06
16282.0,340,11,168.3
16283.0,6,166,1570.81
16284.0,31,109,823.97
16287.0,170,8,142.5
16292.0,122,17,302.25
16293.0,22,118,2248.9900000000002
16295.0,10,79,1328.55
16297.0,269,20,301.9
16298.0,23,27,598.2
16302.0,127,11,233.22
16303.0,26,162,5360.63
16305.0,139,22,361.21999999999997
16306.0,214,41,632.27
16308.0,38,4,2560.0
16309.0,106,42,706.57
16311.0,18,37,616.26
16313.0,3,16,274.15000000000003
16315.0,331,14,226.37
16316.0,64,151,2938.91
16317.0,120,69,1341.65
16318.0,35,19,328.15
16319.0,218,3,404.40000000000003
16320.0,172,56,1038.46
16321.0,72,12,373.65000000000003
16322.0,1,37,326.75
16323.0,196,1,207.50000000000003
16324.0,128,118,428.68
16325.0,47,18,594.24
16326.0,6,319,3110.96
16327.0,14,319,3844.22
16330.0,18,39,251.91
16332.0,28,153,1593.2
16333.0,8,45,26626.8
16337.0,37,10,151.05
16338.0,157,11,214.79999999999998
16339.0,284,20,109.95
16340.0,107,153,549.07
16341.0,25,77,1971.87
16342.0,75,15,322.41
16343.0,16,47,370.47999999999996
16344.0,158,2,101.10000000000001
16345.0,44,38,575.41
16347.0,11,92,887.65
16348.0,32,235,1469.45
16349.0,291,9,53.5
16350.0,21,57,1116.47
16351.0,333,8,153.9
16352.0,18,28,494.44
16353.0,4,94,6675.71
16354.0,63,39,395.8
16356.0,198,31,211.77
16357.0,33,34,658.88
16358.0,1,109,2027.5
16359.0,7,66,1750.92
16360.0,5,662,3512.53
16361.0,10,106,896.66
16362.0,32,81,734.77
16363.0,53,5,109.36000000000001
16364.0,12,53,707.04
16365.0,18,51,1540.42
16366.0,19,18,327.3
16367.0,37,130,804.49
16368.0,2,76,497.43
16369.0,18,118,1553.66
16370.0,82,228,1320.56
16372.0,33,97,367.93
16374.0,66,111,473.03000000000003
16376.0,9,125,987.01
16377.0,267,5,676.2
16378.0,247,23,362.95
16379.0,4,108,2157.4
16380.0,61,32,1780.59
16383.0,75,102,668.36
16384.0,90,33,584.5
16385.0,60,59,555.89
16386.0,29,88,317.2
16387.0,323,4,94.36
16389.0,53,34,1382.07
16392.0,270,45,221.19
16393.0,2,330,3046.21
16394.0,57,83,1555.34
16395.0,61,210,1486.9
16398.0,154,82,1705.8
16399.0,19,73,408.57
16400.0,95,29,303.93
16401.0,1,186,4098.32
16402.0,265,60,299.6
16403.0,312,10,177.5
16404.0,70,23,443.05
16405.0,302,5,167.25
16406.0,19,62,163.07
16407.0,13,172,2126.93
16409.0,36,232,2028.88
16411.0,19,45,214.65
16412.0,54,35,151.83
16413.0,57,31,262.2
16414.0,22,7,126.25
16415.0,44,54,210.35
16416.0,27,71,1051.4
16418.0,45,102,675.27
16419.0,113,51,972.23
16422.0,17,369,34684.4
16423.0,25,18,346.12
16424.0,191,5,133.56
16425.0,302,21,302.7
16426.0,2,372,1908.25
16427.0,263,9,241.06
16429.0,106,2,284.55
16430.0,57,6,300.85
16431.0,213,83,642.81
16432.0,64,8,287.4
16433.0,28,17,184.26
16434.0,29,109,1522.25
16438.0,6,132,798.35
16440.0,8,282,3640.67
16441.0,67,24,381.2
16442.0,2,174,616.79
16444.0,46,84,654.67
16445.0,34,63,230.51
16446.0,206,2,2.9
16447.0,136,36,259.01
16448.0,198,20,188.89000000000001
16449.0,198,40,707.69
16450.0,150,11,311.92
16451.0,88,14,266.97
16454.0,45,2,6.9
16455.0,64,99,1841.18
16456.0,99,111,2158.37
16457.0,218,9,208.36
16458.0,3,202,3482.7400000000002
16460.0,28,135,814.72
16461.0,178,33,151.42
16462.0,74,3,136.0
16463.0,21,82,1422.4
16464.0,20,236,1314.68
16466.0,34,148,1603.46
16468.0,74,2,74.9
16469.0,24,182,650.43
16470.0,52,170,762.39
16471.0,275,13,223.95000000000002
16473.0,165,18,316.11
16474.0,7,360,1871.5
16475.0,88,28,544.3
16477.0,64,146,2494.46
16478.0,25,17,331.0
16479.0,10,35,300.83
16480.0,76,53,769.29
16482.0,16,18,220.62
16483.0,192,19,139.35
16484.0,174,25,404.3
16485.0,77,42,363.65
16488.0,33,29,498.8
16491.0,47,39,731.5
16493.0,80,56,1351.63
16494.0,297,50,826.53
16495.0,3,97,684.41
16496.0,9,95,1599.52
16497.0,50,136,2965.69
16498.0,161,15,100.97
16499.0,360,19,365.45
16500.0,5,11,400.86
16503.0,107,84,1431.93
16504.0,25,86,484.38
16505.0,32,4,777.6
16506.0,20,3,90.30000000000001
16509.0,297,13,363.7
16510.0,372,13,248.1
16511.0,22,169,950.26
16513.0,5,35,874.59
16515.0,52,113,1627.13
16516.0,30,6,101.69999999999999
16517.0,277,17,162.7
16518.0,61,40,484.32
16519.0,25,13,215.07999999999998
16520.0,186,156,1046.57
16523.0,2,290,9418.470000000001
16525.0,2,183,13027.45
16526.0,172,15,290.36
16527.0,81,14,228.06
16528.0,4,17,244.41
16529.0,190,30,455.25
16531.0,22,77,1244.59
16532.0,18,4,6748.8
16533.0,19,177,1095.56
16535.0,5,31,593.75
16536.0,110,55,548.97
16539.0,3,45,1388.81
16542.0,54,5,119.62
16545.0,165,3,339.3
16546.0,291,25,787.15
16549.0,10,981,4154.64
16550.0,109,251,2298.97
16551.0,96,32,922.12
16552.0,243,17,379.73
16553.0,163,84,5719.82
16554.0,42,52,837.1
16555.0,35,17,285.89
16556.0,67,207,3313.79
16557.0,24,11,281.85
16558.0,1,460,8338.49
16560.0,27,56,841.41
16561.0,6,31,511.12
16563.0,54,19,1077.74
16565.0,364,3,173.7
16566.0,15,18,614.66
16567.0,194,35,865.6
16569.0,3,5,124.2
16570.0,15,126,3738.4
16571.0,27,87,1421.69
16572.0,127,57,1009.6
16573.0,85,42,663.61
16574.0,71,28,451.44
16581.0,183,9,105.84
16582.0,113,6,313.62
16583.0,374,14,233.45
16584.0,80,28,936.08
16586.0,249,8,463.95
16587.0,232,13,225.15
16589.0,71,33,459.24
16591.0,69,10,213.5
16592.0,4,216,4113.68
16593.0,51,27,330.03
16594.0,75,53,181.09
16595.0,61,85,360.16
16596.0,16,12,250.15
16597.0,4,7,90.04
16598.0,286,10,145.04999999999998
16600.0,4,62,813.52
16601.0,41,31,244.79999999999998
16602.0,36,29,528.08
16603.0,75,34,482.47
16607.0,18,172,3347.71
16609.0,15,276,5493.46
16610.0,219,6,75.66
16611.0,186,10,129.49
16612.0,33,66,1187.66
16613.0,70,30,618.59
16614.0,183,26,506.19
16616.0,15,33,500.42
16617.0,236,5,151.85
16618.0,31,96,2647.59
16619.0,264,14,226.21
16620.0,4,9,178.96
16621.0,52,29,813.48
16623.0,246,5,129.45
16624.0,81,48,810.5699999999999
16625.0,275,23,333.08
16626.0,1,179,4413.1
16627.0,79,20,322.8
16628.0,30,117,2188.05
16629.0,74,64,417.73
16633.0,17,152,2883.1
16634.0,223,9,217.9
16637.0,32,69,1154.47
16638.0,23,94,1680.72
16639.0,31,50,1257.51
16641.0,106,12,231.10000000000002
16642.0,5,34,688.33
16643.0,246,27,487.51
16644.0,178,62,833.78
16647.0,170,14,214.06
16648.0,43,19,290.65999999999997
16650.0,72,24,518.42
16652.0,59,118,6773.97
16653.0,16,69,1212.66
16654.0,141,29,601.27
16655.0,18,261,3794.52
16656.0,22,73,8625.8
16657.0,10,208,933.62
16658.0,368,8,123.24
16659.0,189,2,39.12
16660.0,16,16,1267.6499999999999
16665.0,362,9,135.39999999999998
16666.0,19,32,118.98
16667.0,68,53,570.13
16668.0,15,20,306.71999999999997
16669.0,24,160,1374.8700000000001
16670.0,17,252,4095.9
16671.0,28,6,1692.27
16672.0,2,114,8134.9400000000005
16674.0,55,98,319.61
16676.0,34,89,1592.1200000000001
16678.0,3,163,3109.99
16679.0,366,3,129.75
16680.0,43,10,183.7
16681.0,73,44,1770.34
16682.0,5,30,1028.0
16684.0,4,277,66653.56
16685.0,61,62,324.24
16686.0,47,585,3062.83
16688.0,1,62,1260.86
16689.0,76,13,422.59999999999997
16690.0,72,12,225.57999999999998
16692.0,256,3,1276.0
16693.0,69,60,482.01
16696.0,135,10,657.9000000000001
16697.0,241,21,112.75
16698.0,227,5,1998.0
16700.0,9,308,5076.55
16701.0,9,144,5398.3
16705.0,1,270,14034.99
16706.0,37,123,531.35
16708.0,46,27,656.63
16709.0,85,79,3029.87
16710.0,19,402,2483.04
16711.0,3,22,1651.03
16712.0,9,447,3645.43
16713.0,19,624,6923.13
16714.0,219,93,1161.53
16715.0,78,19,301.71999999999997
16716.0,267,2,901.2
16717.0,24,199,3858.38
16718.0,369,45,623.75
16719.0,15,201,1790.42
16720.0,26,27,155.24
16721.0,262,37,292.47
16722.0,17,225,4730.81
16723.0,91,43,589.15
16725.0,302,151,781.02
16726.0,26,185,1382.02
16727.0,364,46,272.82
16728.0,46,269,1054.67
16729.0,38,660,7239.92
16730.0,52,82,743.11
16732.0,32,28,603.75
16734.0,52,53,650.51
16735.0,79,125,2300.56
16737.0,53,1,417.59999999999997
16738.0,298,1,3.75
16739.0,177,13,323.0
16742.0,47,1,464.9
16743.0,29,191,2238.09
16744.0,11,242,1304.76
16745.0,87,357,7194.3
16746.0,5,449,6697.66
16747.0,38,42,836.06
16748.0,18,69,1515.9
16750.0,45,95,623.93
16751.0,31,25,1764.72
16752.0,373,9,207.5
16753.0,58,34,223.92000000000002
16754.0,372,2,2002.4
16755.0,114,170,1496.83
16756.0,215,13,239.4
16757.0,319,7,106.83000000000001
16758.0,65,22,369.34000000000003
16759.0,8,42,789.79
16761.0,97,13,316.62
16762.0,20,89,1501.38
16763.0,199,23,611.85
16764.0,4,706,2799.25
16765.0,294,1,34.0
16766.0,273,34,1145.6
16767.0,31,222,5580.6
16768.0,48,54,478.09000000000003
16769.0,260,40,380.39
16770.0,58,145,770.1
16771.0,33,255,2246.81
16773.0,57,26,171.59
16774.0,68,48,661.52
16775.0,10,158,1695.66
16776.0,60,76,388.28
16777.0,80,50,226.35
16778.0,74,16,245.94
16779.0,2,333,10629.720000000001
16780.0,100,60,425.19
16781.0,372,17,311.25
16782.0,10,190,2279.9
16784.0,20,3,107.6
16788.0,123,155,597.48
16789.0,8,5,80.8
16790.0,4,93,1545.6200000000001
16791.0,29,320,1721.78
16792.0,282,12,110.38000000000001
16793.0,57,16,243.84
16794.0,1,285,1222.71
16795.0,365,66,414.88
16796.0,89,18,305.62
16800.0,11,164,1201.49
16801.0,163,76,1619.73
16803.0,65,24,332.3
16804.0,23,60,536.99
16805.0,174,98,460.59
16806.0,103,103,801.49
16807.0,143,67,1121.59
16808.0,99,23,288.42
16809.0,23,149,914.69
16810.0,192,15,309.54
16811.0,5,28,547.07
16812.0,361,15,479.35
16813.0,8,449,1692.98
16814.0,14,324,6509.1
16816.0,103,28,417.06
16817.0,3,86,1604.75
16818.0,11,188,3349.57
16820.0,96,26,497.61
16823.0,227,38,358.38
16824.0,16,26,460.64
16825.0,39,28,775.1800000000001
16826.0,51,22,341.7
16828.0,93,8,128.5
16829.0,157,11,197.22
16830.0,39,23,325.91
16832.0,184,12,199.15
16833.0,1,47,1106.53
16834.0,228,24,413.46
16835.0,128,10,180.85
16836.0,40,11,251.87
16837.0,31,165,3170.98
16838.0,197,25,588.85
16839.0,9,266,16594.35
16841.0,37,116,1869.82
16842.0,101,63,1264.19
16843.0,43,378,10196.57
16846.0,50,11,214.32
16847.0,43,12,193.44
16848.0,53,14,281.42
16849.0,187,8,124.57
16850.0,334,19,332.41
16851.0,4,20,342.45
16852.0,10,9,144.91000000000003
16855.0,24,19,328.4
16856.0,15,2,35.400000000000006
16858.0,369,10,375.69000000000005
16859.0,145,52,747.81
16861.0,60,6,173.76
16863.0,31,26,502.8
16866.0,141,11,207.73999999999998
16869.0,23,128,825.42
16871.0,22,137,2812.34
16872.0,77,7,680.02
16873.0,5,279,7123.62
16875.0,67,112,2095.53
16877.0,12,159,853.72
16878.0,84,3,13.3
16880.0,31,178,1519.08
16881.0,67,1,432.0
16882.0,67,39,705.12
16883.0,187,38,276.73
16884.0,38,26,429.84000000000003
16885.0,15,101,471.51
16887.0,35,37,194.88
16889.0,195,135,1578.67
16891.0,2,203,809.7
16892.0,1,99,525.54
16893.0,367,45,145.93
16895.0,65,69,219.14
16897.0,299,37,289.78
16898.0,26,162,508.81
16899.0,8,125,1281.56
16900.0,17,79,887.11
16902.0,116,44,1706.88
16903.0,29,60,373.24
16904.0,4,710,3754.27
16905.0,5,208,3102.43
16906.0,82,93,579.77
16907.0,29,151,981.65
16909.0,72,18,379.14
16910.0,4,547,1510.06
16912.0,29,101,2575.38
16913.0,290,8,113.44
16914.0,36,38,208.46
16915.0,9,57,621.6800000000001
16916.0,24,143,576.26
16917.0,277,9,391.52
16918.0,50,128,1068.82
16919.0,156,327,2596.45
16921.0,61,60,169.79
16923.0,12,672,7247.61
16924.0,21,83,846.75
16926.0,371,14,230.25
16927.0,116,6,543.05
16928.0,80,209,2847.6
16929.0,4,77,1295.39
16930.0,26,54,380.55
16931.0,5,898,4604.22
16932.0,53,53,161.94
16933.0,1,44,563.23
16934.0,55,62,950.9300000000001
16936.0,26,57,262.68
16938.0,9,241,2736.38
16940.0,52,305,3049.88
16942.0,13,281,1920.59
16943.0,212,33,816.73
16945.0,22,249,4345.5
16947.0,236,21,406.48
16948.0,139,19,435.02
16949.0,4,60,1286.27
16950.0,57,42,1178.56
16951.0,135,86,1277.75
16952.0,109,16,167.61
16953.0,30,1,20.8
16954.0,1,54,2085.08
16955.0,185,25,518.67
16956.0,18,16,308.74
16957.0,239,16,416.64
16959.0,87,7,117.35000000000001
16960.0,39,101,507.05
16961.0,116,14,234.17
16963.0,187,7,110.55000000000001
16965.0,227,26,201.19
16966.0,8,28,2154.97
16967.0,189,21,319.02
16968.0,4,31,439.43
16969.0,39,42,650.41
16971.0,38,41,357.21
16976.0,267,2,251.51999999999998
16978.0,78,39,344.33
16979.0,4,89,1852.0
16980.0,255,87,1078.96
16982.0,61,22,384.06
16983.0,13,148,1931.25
16984.0,88,407,4481.35
16985.0,17,120,5464.12
16986.0,30,3,1873.2
16987.0,3,129,1625.05
16988.0,5,7,126.12
16989.0,7,12,1133.25
16990.0,219,1,179.0
16992.0,11,93,1614.31
16996.0,30,37,1456.96
16997.0,288,12,702.0
16998.0,150,4,295.0
16999.0,23,23,484.82
17001.0,1,169,3989.57
17002.0,86,49,1493.73
17004.0,46,44,1412.94
17006.0,5,44,781.78
17007.0,51,52,889.9300000000001
17010.0,18,11,195.36
17011.0,30,15,270.9
17014.0,8,74,586.33
17015.0,29,217,1842.56
17017.0,3,252,8694.26
17018.0,41,16,920.1
17019.0,11,234,1272.61
17022.0,31,7,71.0
17024.0,45,3,95.85
17025.0,61,9,357.77
17026.0,185,4,154.82999999999998
17027.0,79,153,890.29
17029.0,111,2,716.0
17030.0,64,11,146.87
17031.0,12,22,380.35
17033.0,86,28,1030.14
17034.0,16,30,745.52
17035.0,246,28,433.53000000000003
17037.0,88,75,1267.32
17038.0,30,22,112.4
17040.0,138,15,449.73
17041.0,27,70,1081.57
17042.0,3,98,1044.3799999999999
17043.0,32,102,1735.18
17044.0,25,6,948.48
17045.0,113,22,339.44
17046.0,157,22,642.02
17047.0,85,65,1100.9
17048.0,118,43,925.35
17049.0,3,318,5659.9800000000005
17050.0,96,316,3228.84
17051.0,194,43,247.14000000000001
17052.0,28,92,413.75
17053.0,131,13,498.48
17054.0,28,83,1356.33
17058.0,82,62,1179.89
17059.0,30,516,3095.04
17060.0,266,5,234.24
17061.0,74,99,5232.2300000000005
17062.0,314,70,538.37
17063.0,21,78,1461.14
17064.0,59,62,859.35
17068.0,12,296,4552.14
17069.0,28,143,2709.7000000000003
17070.0,114,64,312.14
17071.0,28,140,2429.03
17073.0,18,174,1446.09
17075.0,18,77,834.12
17076.0,36,25,841.0799999999999
17078.0,36,28,378.2
17079.0,78,2,118.80000000000001
17080.0,22,8,287.62
17081.0,25,64,290.16
17082.0,33,81,2003.85
17083.0,109,52,1405.78
17084.0,35,162,2949.75
17085.0,123,187,1566.65
17086.0,7,96,2050.08
17088.0,28,115,1991.01
17090.0,4,63,2043.95
17091.0,3,195,3827.76
17092.0,50,125,1777.78
17094.0,322,14,302.0
17095.0,23,74,1324.16
17096.0,15,48,1022.13
17097.0,2,211,954.42
17100.0,18,65,971.74
17101.0,10,42,1621.73
17102.0,262,1,25.5
17105.0,159,90,665.78
17107.0,33,418,10815.43
17109.0,29,117,885.04
17110.0,165,12,163.29999999999998
17111.0,47,30,248.61
17114.0,6,127,808.62
17115.0,8,39,837.5
17117.0,288,9,116.19999999999999
17118.0,318,10,157.02
17119.0,3,35,606.91
17120.0,233,18,307.46
17122.0,119,7,138.32
17123.0,162,9,345.29999999999995
17124.0,185,32,298.89
17125.0,50,40,259.35
17126.0,152,260,1004.75
17128.0,335,14,157.09
17131.0,5,134,2463.17
17133.0,16,27,4892.240000000001
17134.0,107,24,425.0
17135.0,16,52,1139.73
17138.0,276,24,380.5
17139.0,16,478,10668.47
17140.0,247,20,465.32
17142.0,239,15,579.0
17144.0,1,48,984.57
17146.0,106,35,749.78
17147.0,23,81,1714.59
17148.0,52,9,124.88
17152.0,195,14,1689.5
17153.0,24,14,213.78
17154.0,75,23,329.34
17155.0,18,20,251.70000000000002
17157.0,8,13,319.0
17158.0,32,67,1266.97
17159.0,22,101,1538.88
17160.0,31,229,3518.03
17162.0,29,104,1715.46
17163.0,22,5,293.1
17164.0,33,144,2467.35
17165.0,284,10,158.68
17166.0,39,12,206.34
17169.0,58,54,835.78
17171.0,289,16,224.91
17172.0,79,15,317.76
17173.0,5,86,3766.6
17174.0,218,4,59.9
17175.0,44,63,1443.69
17176.0,202,15,306.13
17179.0,178,80,711.79
17180.0,56,128,796.03
17181.0,57,23,239.92000000000002
17183.0,8,73,3347.31
17186.0,47,2,144.0
17187.0,227,10,203.95
17188.0,11,84,2474.23
17189.0,106,61,384.40000000000003
17190.0,59,19,444.74
17191.0,28,237,2095.13
17193.0,36,32,1699.3000000000002
17194.0,274,29,262.62
17197.0,30,29,1013.01
17198.0,24,96,692.22
17201.0,54,40,342.63
17203.0,36,152,3563.85
17204.0,175,57,1564.56
17205.0,54,13,384.08
17206.0,53,7,204.24
17211.0,27,211,2317.2200000000003
17212.0,253,4,226.85
17213.0,40,157,2781.23
17214.0,60,103,1069.1200000000001
17217.0,234,9,113.5
17218.0,4,274,1960.72
17219.0,32,25,114.23
17220.0,24,472,3198.25
17221.0,7,63,335.13
17222.0,65,28,354.15
17223.0,310,49,426.79
17226.0,309,21,393.49
17227.0,19,47,939.32
17228.0,16,208,1906.09
17229.0,96,47,318.76
17230.0,264,69,3638.41
17231.0,12,541,3174.32
17232.0,3,36,421.52
17233.0,35,25,190.88
17234.0,183,14,149.89000000000001
17235.0,25,29,550.06
17236.0,13,105,916.13
17237.0,11,19,314.69
17238.0,3,566,3744.65
17239.0,313,15,382.5
17242.0,108,40,1135.04
17243.0,1,400,8676.85
17244.0,53,31,954.9
17245.0,205,9,171.45
17247.0,15,55,282.19
17248.0,120,69,318.65
17250.0,4,57,384.52
17251.0,363,39,283.28000000000003
17252.0,117,87,353.86
17253.0,18,18,178.26
17254.0,5,112,272.44
17255.0,41,78,298.41
17256.0,107,16,240.0
17259.0,148,124,603.37
17262.0,52,12,1253.3600000000001
17263.0,208,23,63.440000000000005
17265.0,139,127,562.9
17266.0,2,80,310.64
17267.0,127,38,317.62
17268.0,108,6,763.64
17272.0,42,114,2148.63
17274.0,35,27,111.97999999999999
17277.0,228,69,1065.3500000000001
17278.0,241,15,246.04
17279.0,58,9,187.82999999999998
17282.0,130,94,1703.41
17284.0,60,292,1652.58
17286.0,22,45,153.92
17287.0,26,124,1064.11
17288.0,9,142,1419.73
17289.0,32,111,944.41
17290.0,4,102,525.24
17291.0,308,1,550.8000000000001
17293.0,8,135,1875.1100000000001
17295.0,29,69,556.95
17297.0,17,51,131.78
17298.0,101,30,498.42
17299.0,12,57,669.11
17301.0,21,66,197.63
17302.0,15,79,1135.63
17303.0,361,53,250.04
17306.0,11,66,8631.31
17309.0,95,12,82.75
17311.0,78,55,1384.85
17312.0,139,14,644.3
17313.0,31,24,2328.84
17314.0,25,131,2527.92
17315.0,2,473,6292.26
17317.0,46,9,2600.34
17320.0,100,73,1200.6200000000001
17321.0,8,107,700.86
17323.0,15,200,921.07
17324.0,18,50,990.23
17325.0,280,6,96.8
17329.0,14,33,523.11
17330.0,23,6,363.9
17331.0,124,1,175.2
17333.0,86,28,494.25
17334.0,302,11,307.02
17337.0,151,543,2027.8700000000001
17338.0,17,753,6643.93
17339.0,94,9,243.36
17340.0,30,407,12353.29
17341.0,157,183,781.36
17343.0,355,17,193.64
17344.0,46,32,160.57
17345.0,15,87,537.74
17346.0,4,500,2676.56
17347.0,86,1,228.96
17348.0,15,215,1159.52
17349.0,179,9,110.75
17350.0,8,71,1286.07
17351.0,36,27,587.15
17353.0,129,8,1740.0
17354.0,51,16,1393.06
17356.0,312,19,178.22
17357.0,24,45,388.14
17358.0,303,59,365.85
17359.0,11,15,127.86
17360.0,17,132,585.79
17361.0,49,29,488.2
17362.0,239,35,312.23
17364.0,1,411,4481.18
17365.0,13,468,4801.56
17367.0,238,34,168.4
17368.0,23,111,1912.67
17370.0,73,33,446.18
17371.0,17,87,423.89
17372.0,41,253,1342.68
17373.0,40,57,646.92
17374.0,219,28,495.77
17375.0,199,69,400.1
17376.0,71,24,203.2
17377.0,24,418,4100.92
17379.0,11,83,404.66
17381.0,9,109,20275.61
17382.0,65,2,65.4
17383.0,4,51,199.29
17384.0,19,15,336.4
17385.0,15,47,261.11
17386.0,8,28,2686.42
17387.0,20,78,784.11
17388.0,78,15,1259.56
17389.0,1,213,31833.68
17391.0,164,3,508.8
17392.0,307,62,457.91
17394.0,219,4,203.86999999999998
17396.0,39,27,7330.8
17397.0,22,92,696.41
17398.0,115,38,653.38
17400.0,126,213,2129.96
17402.0,5,59,2633.85
17403.0,36,33,281.62
17404.0,4,198,31906.82
17405.0,1,82,1031.41
17406.0,333,113,2200.42
17408.0,163,2,32.65
17409.0,185,13,771.85
17410.0,16,64,1214.72
17411.0,12,41,778.94
17412.0,3,66,1258.06
17414.0,44,6,778.0
17415.0,80,14,507.84
17416.0,30,269,6893.42
17418.0,42,30,463.46000000000004
17419.0,11,206,4226.57
17420.0,50,30,598.83
17422.0,16,117,1979.37
17423.0,46,26,698.41
17425.0,19,43,759.17
17426.0,8,271,5037.26
17427.0,72,2,100.8
17428.0,1,328,17256.85
17429.0,128,39,524.9200000000001
17430.0,33,14,265.76
17431.0,313,43,403.3
17432.0,18,48,365.76
17433.0,88,54,303.15999999999997
17434.0,2,134,2373.82
17436.0,2,9,216.29999999999998
17438.0,254,17,388.45000000000005
17440.0,157,5,186.42000000000002
17442.0,37,135,2248.56
17443.0,220,1,534.24
17444.0,148,135,2940.04
17446.0,177,9,120.9
17447.0,40,36,541.53
17449.0,2,277,2520.86
17450.0,8,337,194550.79
17451.0,1,100,1721.4
17453.0,18,19,486.71999999999997
17454.0,192,61,517.53
17455.0,204,8,131.7
17456.0,365,17,249.86
17457.0,127,19,1737.7
17458.0,15,54,316.5
17459.0,43,111,657.3
17460.0,94,29,622.4300000000001
17461.0,23,111,757.46
17462.0,60,27,675.69
17463.0,16,215,1896.41
17464.0,158,9,289.96000000000004
17466.0,10,41,763.28
17468.0,10,5,137.0
17469.0,16,88,1870.97
17470.0,45,78,1125.07
17472.0,191,181,710.29
17475.0,79,14,194.37
17480.0,78,29,511.82
17481.0,4,82,1255.59
17483.0,65,21,414.04
17486.0,261,24,396.87
17489.0,59,29,376.64
17490.0,1,76,2092.32
17491.0,1,109,3558.87
17492.0,248,12,374.57
17495.0,8,27,497.56
17496.0,359,10,271.05
17498.0,76,17,272.22
17499.0,290,40,622.88
17500.0,17,5,1138.0
17501.0,221,18,288.6
17502.0,9,28,689.1
17503.0,3,38,558.96
17504.0,206,127,2997.0299999999997
17505.0,162,52,1145.84
17506.0,76,14,302.2
17507.0,262,88,605.58
17508.0,281,22,387.31
17509.0,58,366,6115.14
17510.0,25,20,308.48
17511.0,3,963,91062.38
17512.0,29,105,2924.9900000000002
17513.0,72,6,513.2
17514.0,128,40,208.65
17515.0,31,87,639.02
17516.0,15,137,768.08
17517.0,309,11,153.94
17519.0,17,82,1844.02
17520.0,54,30,546.81
17521.0,30,45,723.2099999999999
17522.0,2,73,1070.71
17523.0,11,33,652.74
17524.0,361,6,145.0
17525.0,360,9,422.70000000000005
17526.0,5,19,1195.8999999999999
17527.0,54,47,939.37
17528.0,1,253,3628.5
17530.0,1,394,2385.0
17531.0,190,14,296.7
17534.0,54,9,223.36
17535.0,280,13,164.4
17536.0,177,3,76.5
17537.0,30,75,897.62
17538.0,26,9,98.42
17540.0,25,25,578.9
17542.0,270,25,170.75
17545.0,43,145,645.96
17548.0,234,5,103.3
17549.0,24,6,148.86
17550.0,197,42,267.16
17551.0,359,43,306.84
17552.0,60,49,930.41
17553.0,130,2,1487.6
17554.0,1,88,1952.45
17555.0,20,106,483.26
17556.0,206,6,157.9
17557.0,14,34,541.46
17560.0,95,26,854.95
17561.0,19,46,167.62
17562.0,14,63,1122.38
17564.0,24,49,454.01
17566.0,8,152,901.21
17567.0,7,165,4331.48
17569.0,332,29,344.14
17571.0,50,299,1498.51
17572.0,71,12,226.75000000000003
17573.0,29,25,380.6
17574.0,243,8,185.65
17576.0,8,411,3622.68
17578.0,218,5,143.45999999999998
17579.0,5,50,448.90000000000003
17580.0,253,45,215.72
17581.0,1,440,11045.04
17582.0,236,29,175.27
17584.0,7,35,1242.3
17585.0,109,214,1133.07
17588.0,100,23,1240.2
17589.0,60,253,2404.17
17590.0,2,201,1479.22
17591.0,73,166,2225.9700000000003
17593.0,4,213,3927.34
17594.0,85,50,993.18
17595.0,12,83,388.79
17596.0,23,270,2827.93
17597.0,214,55,2044.3700000000001
17600.0,18,13,161.67000000000002
17601.0,239,9,116.00999999999999
17602.0,2,560,5102.97
17603.0,78,11,394.72
17604.0,217,63,309.36
17608.0,33,59,193.42
17609.0,41,237,1112.22
17611.0,7,576,3984.22
17612.0,53,135,2048.45
17613.0,23,312,4559.150000000001
17614.0,57,100,390.07
17615.0,130,14,329.6
17616.0,174,3,571.1999999999999
17618.0,6,78,971.58
17619.0,312,77,218.52
17620.0,60,4,81.44
17621.0,21,26,1379.9
17623.0,33,33,527.0500000000001
17624.0,15,50,843.48
17625.0,18,315,2047.0
17628.0,81,5,75.75
17629.0,6,123,1814.12
17630.0,170,26,503.59999999999997
17631.0,2,39,528.33
17633.0,31,70,1324.84
17634.0,36,297,2361.9700000000003
17636.0,19,20,285.56
17637.0,31,35,547.0600000000001
17639.0,276,7,108.5
17640.0,87,5,621.66
17642.0,120,40,712.29
17643.0,373,8,101.55
17644.0,1,157,2895.64
17646.0,219,51,1008.39
17647.0,65,7,133.06
17648.0,61,91,1797.5
17649.0,138,52,868.49
17650.0,21,8,166.08
17651.0,12,232,3945.0
17652.0,25,259,4867.72
17653.0,37,44,1207.56
17654.0,277,22,117.55
17655.0,11,91,2638.94
17656.0,73,82,1674.69
17658.0,26,19,595.42
17659.0,17,158,2999.46
17660.0,141,45,196.0
17663.0,26,86,1802.91
17664.0,19,43,604.64
17666.0,4,18,728.16
17667.0,66,116,2055.51
17668.0,1,15,347.75
17669.0,43,68,3406.7200000000003
17670.0,228,11,205.7
17671.0,16,53,1572.71
17672.0,50,110,3178.17
17673.0,2,227,1629.12
17674.0,74,27,551.04
17675.0,1,705,20374.28
17676.0,4,78,1387.68
17677.0,2,304,16363.23
17678.0,264,16,298.11
17679.0,53,30,1992.1100000000001
17680.0,24,11,184.4
17682.0,10,118,2474.33
17684.0,44,15,239.41
17685.0,17,130,3191.53
17686.0,7,286,5739.46
17690.0,30,256,4757.95
17691.0,358,19,290.40000000000003
17692.0,127,46,740.9399999999999
17693.0,137,16,200.47
17694.0,142,15,283.12
17695.0,132,35,765.34
17696.0,38,115,2285.71
17697.0,236,19,338.95
17698.0,261,8,154.95
17700.0,17,142,2534.64
17701.0,253,24,417.95
17702.0,30,74,1824.37
17703.0,35,55,798.74
17704.0,169,31,885.19
17705.0,3,103,1823.52
17706.0,4,382,10504.49
17707.0,185,5,152.4
17708.0,188,35,267.08
17709.0,170,7,137.45
17711.0,11,23,385.1
17712.0,45,29,522.91
17714.0,321,10,153.0
17715.0,201,1,326.4
17716.0,23,245,5655.99
17718.0,232,6,139.35
17719.0,38,274,5396.04
17720.0,26,50,1195.94
17722.0,96,115,2424.04
17723.0,127,10,3276.4000000000005
17724.0,71,40,1033.0
17725.0,16,192,3439.08
17727.0,15,66,1060.25
17728.0,4,165,2876.01
17730.0,3,218,5298.4800000000005
17731.0,79,67,1240.11
17732.0,373,18,303.97
17733.0,39,35,692.19
17734.0,54,43,700.63
17735.0,2,690,13110.02
17736.0,9,25,377.44
17737.0,9,10,168.24
17738.0,19,97,1879.05
17739.0,12,47,2791.35
17742.0,113,15,355.11
17744.0,4,136,2322.4
17746.0,240,6,110.25
17747.0,113,1,71.4
17749.0,178,35,674.52
17750.0,5,193,1797.57
17752.0,359,1,80.64
17754.0,1,92,1772.26
17757.0,1,741,5605.29
17758.0,19,412,3456.7000000000003
17759.0,17,95,834.99
17760.0,22,25,287.59
17761.0,33,19,712.78
17763.0,263,1,15.0
17764.0,51,75,818.8199999999999
17765.0,159,57,371.88
17767.0,15,21,271.2
17768.0,8,105,2273.1800000000003
17769.0,13,310,3997.98
17770.0,199,38,1143.27
17771.0,57,54,245.81
17772.0,11,53,182.77
17774.0,97,156,1225.41
17775.0,255,3,56.4
17777.0,25,194,665.86
17779.0,21,82,658.57
17781.0,159,12,188.02
17783.0,72,67,283.47
17785.0,53,13,131.94
17786.0,85,72,278.74
17787.0,153,134,1865.19
17788.0,74,5,1117.9
17789.0,281,14,225.9
17790.0,27,190,1965.55
17791.0,30,10,106.1
17793.0,25,58,323.04
17795.0,180,46,350.39
17796.0,40,82,697.9
17797.0,22,111,780.43
17799.0,22,408,3055.93
17800.0,37,104,1199.01
17802.0,82,140,1285.04
17805.0,74,10,512.31
17806.0,11,43,546.04
17809.0,16,61,5411.91
17811.0,4,851,7837.7300000000005
17812.0,13,141,732.16
17813.0,14,371,1770.8799999999999
17816.0,37,17,36.56
17817.0,4,33,387.68
17819.0,72,48,3704.87
17824.0,51,13,298.4
17827.0,5,220,1995.46
17828.0,23,67,1820.09
17829.0,299,30,889.24
17830.0,2,23,398.7
17831.0,33,2,35.400000000000006
17832.0,50,61,155.37
17835.0,3,61,350.64
17836.0,47,24,110.21000000000001
17837.0,42,169,1593.38
17838.0,27,121,2779.3
17839.0,42,56,338.8
17841.0,2,7847,40991.57
17843.0,303,37,205.48
17844.0,107,5,51.559999999999995
17848.0,81,51,901.1999999999999
17849.0,218,26,605.8000000000001
17850.0,372,297,5391.21
17852.0,12,24,114.34
17854.0,185,15,311.26
17855.0,373,17,208.97
17856.0,2,15,1418.03
17857.0,4,54,26879.04
17858.0,6,199,5155.66
17859.0,305,25,148.21
17860.0,369,58,252.8
17861.0,3,222,2100.8
17862.0,324,11,330.9
17863.0,59,148,3160.0
17864.0,13,102,597.5
17865.0,31,370,10526.32
17866.0,143,9,329.65
17867.0,30,79,1197.1000000000001
17869.0,107,40,428.18
17870.0,2,279,1894.35
17871.0,205,10,155.9
17873.0,80,44,1859.16
17874.0,185,46,683.46
17877.0,170,12,237.61
17878.0,44,26,379.45
17879.0,174,6,178.51999999999998
17880.0,365,26,458.92
17881.0,304,8,133.35000000000002
17883.0,3,145,671.77
17884.0,4,117,717.45
17885.0,12,64,190.19
17886.0,32,109,899.61
17887.0,129,10,111.35
17888.0,21,67,726.05
17889.0,212,21,203.87
17890.0,323,94,602.09
17891.0,162,34,203.85999999999999
17892.0,56,28,244.1
17893.0,225,16,112.25
17894.0,72,193,1119.81
17895.0,44,16,98.0
17896.0,23,2,256.32
17897.0,173,114,566.6
17898.0,85,28,152.06
17899.0,159,32,155.8
17900.0,190,6,112.19999999999999
17901.0,29,19,110.38
17904.0,21,38,191.67
17905.0,71,34,800.24
17906.0,247,12,72.9
17908.0,374,58,243.28
17911.0,9,39,366.23
17912.0,310,38,311.01
17913.0,59,59,411.6
17914.0,4,80,336.43
17917.0,45,94,341.28
17919.0,88,23,1304.04
17920.0,4,696,4204.1
17921.0,64,145,826.52
17923.0,282,1,207.50000000000003
17924.0,12,31,2962.5
17925.0,373,1,244.08
17926.0,133,21,397.29
17928.0,45,23,212.54
17929.0,11,5,843.0
17930.0,36,39,1740.48
17931.0,134,65,408.36
17932.0,29,90,1331.57
17934.0,52,21,704.25
17935.0,138,29,145.79
17936.0,5,77,389.84
17937.0,9,43,4301.22
17939.0,160,12,99.14
17940.0,49,18,2238.58
17941.0,131,2,304.56
17942.0,8,2,77.50000000000001
17946.0,233,20,149.57999999999998
17947.0,37,9,176.68
17948.0,147,1,358.56000000000006
17949.0,1,70,58510.48
17950.0,72,71,482.2
17951.0,40,20,1008.5400000000001
17954.0,5,485,2332.72
17955.0,199,19,557.3
17956.0,249,1,12.75
17957.0,66,31,111.68
17958.0,117,7,508.4599999999999
17960.0,171,26,73.78
17961.0,21,249,1296.44
17962.0,142,35,102.83
17964.0,32,104,471.7
17965.0,38,329,2622.57
17966.0,38,68,1098.43
17967.0,372,48,123.07
17968.0,374,85,277.35
17969.0,166,14,228.2
17970.0,211,31,582.59
17972.0,242,31,136.04
17973.0,52,15,337.04
17974.0,25,179,740.79
17975.0,15,296,4488.81
17976.0,372,65,353.19
17977.0,29,21,288.14
17978.0,365,12,300.91999999999996
17979.0,36,146,757.71
17980.0,166,30,811.45
17984.0,145,48,152.68
17985.0,22,23,634.95
17986.0,56,1,20.8
17987.0,185,13,198.57
17988.0,12,38,201.12
17990.0,237,29,630.84
17991.0,225,5,93.35
17994.0,122,81,678.49
17995.0,282,2,76.1
17997.0,74,166,1970.6699999999998
17999.0,37,93,382.06
18001.0,12,58,417.23
18004.0,362,40,169.47
18005.0,4,60,249.72
18006.0,23,22,444.68
18008.0,70,30,2116.19
18009.0,235,32,257.34
18010.0,257,14,174.8
18011.0,373,28,102.78999999999999
18013.0,155,31,187.29
18014.0,28,32,166.42
18015.0,4,46,120.03
18016.0,32,123,1483.56
18017.0,81,3,523.0
18018.0,108,29,122.14
18019.0,52,5,38.45
18022.0,36,191,668.11
18024.0,153,21,389.78
18027.0,99,21,115.31
18030.0,4,9,230.64999999999998
18032.0,334,5,73.5
18033.0,65,34,97.97
18034.0,22,112,422.88
18035.0,36,53,730.4
18036.0,32,96,405.62
18037.0,154,19,70.02
18040.0,19,19,357.20000000000005
18041.0,12,472,4183.39
18042.0,54,7,165.04999999999998
18043.0,25,121,559.51
18044.0,4,127,2088.6
18045.0,45,47,189.4
18048.0,203,7,172.29000000000002
18050.0,359,5,74.4
18053.0,71,20,300.02
18055.0,7,360,6784.1900000000005
18056.0,288,19,363.65
18058.0,10,3,170.16
18059.0,23,18,306.46
18061.0,22,46,2119.41
18062.0,173,27,720.52
18064.0,133,7,814.0
18065.0,6,137,2392.83
18066.0,75,10,318.0
18067.0,40,37,396.33
18068.0,289,1,101.69999999999999
18069.0,26,470,2036.67
18071.0,258,25,453.0
18072.0,186,18,247.44
18073.0,114,73,3877.5200000000004
18074.0,374,13,489.6
18075.0,23,142,2611.75
18077.0,8,227,2633.0099999999998
18078.0,217,29,336.13
18079.0,45,127,3651.97
18080.0,19,2,1231.5
18081.0,36,17,343.45
18082.0,26,73,703.37
18084.0,16,1,90.47999999999999
18085.0,330,29,689.95
18086.0,274,7,101.34
18087.0,98,2,4055.7199999999993
18088.0,61,39,167.67000000000002
18092.0,2,89,9068.26
18093.0,93,36,2106.52
18094.0,82,70,3017.3
18095.0,313,21,580.0500000000001
18096.0,12,213,911.15
18097.0,8,108,2697.8
18099.0,127,19,168.31
18101.0,11,41,223.65
18102.0,1,431,259657.3
18104.0,37,38,754.64
18105.0,38,18,113.48000000000002
18106.0,330,39,430.7
18108.0,254,17,271.0
18109.0,2,444,8052.97
18110.0,20,46,236.3
18112.0,12,26,352.69
18113.0,369,1,76.32000000000001
18114.0,290,28,220.1
18116.0,68,378,1418.03
18117.0,26,74,320.72
18118.0,11,1279,5653.82
18119.0,368,30,181.12
18120.0,214,17,111.15
18121.0,149,32,673.1
18122.0,8,364,1826.21
18123.0,24,36,589.4399999999999
18125.0,30,196,1142.99
18126.0,61,56,206.82999999999998
18127.0,19,47,348.73
18129.0,243,14,112.55000000000001
18130.0,15,70,1059.39
18133.0,212,1,931.4999999999999
18135.0,29,20,681.9100000000001
18136.0,63,38,784.33
18138.0,295,8,152.65
18139.0,18,159,8438.34
18142.0,157,15,1019.52
18143.0,117,61,1000.16
18144.0,8,43,2888.75
18145.0,13,221,2861.55
18146.0,141,10,160.35000000000002
18147.0,46,7,179.33999999999997
18149.0,51,16,612.0799999999999
18150.0,32,37,566.58
18151.0,135,38,653.35
18154.0,3,21,399.19
18155.0,75,25,371.62
18156.0,13,140,734.94
18158.0,9,34,453.4
18159.0,301,23,530.15
18160.0,57,39,638.0600000000001
18161.0,15,80,1618.69
18164.0,37,24,399.65000000000003
18165.0,177,10,302.46000000000004
18167.0,23,37,1384.8600000000001
18168.0,176,131,1169.94
18169.0,61,9,202.65
18170.0,33,38,980.31
18171.0,59,54,1231.31
18172.0,15,189,7561.68
18173.0,87,31,2106.84
18174.0,7,1,104.0
18176.0,358,30,476.35
18177.0,31,74,1341.42
18178.0,129,97,1590.81
18179.0,9,90,1793.17
18180.0,5,119,1843.75
18181.0,24,44,382.8
18183.0,227,37,632.07
18184.0,15,1,49.8
18185.0,249,17,304.25
18188.0,15,71,2001.04
18189.0,78,68,1090.24
18190.0,192,15,284.46000000000004
18191.0,262,7,207.79999999999998
18192.0,72,45,957.97
18193.0,165,16,243.76
18194.0,82,7,973.8399999999999
18196.0,95,141,689.13
18198.0,4,159,5425.56
18200.0,106,32,163.8
18202.0,200,68,1396.99
18203.0,157,19,160.42000000000002
18204.0,71,200,1993.7
18205.0,36,32,517.36
18209.0,29,8,139.10000000000002
18210.0,2,134,2621.38
18211.0,26,42,600.07
18212.0,326,43,248.42
18213.0,237,15,232.48000000000002
18215.0,89,13,299.34000000000003
18216.0,31,26,481.75
18217.0,29,31,621.75
18218.0,211,21,662.08
18219.0,3,114,2069.77
18220.0,227,2,305.28000000000003
18221.0,22,64,1041.61
18222.0,93,19,443.0
18223.0,5,272,6484.54
18224.0,264,10,158.95000000000002
18225.0,3,271,5509.12
18226.0,44,242,5228.05
18227.0,218,5,93.75
18228.0,57,30,779.9
18229.0,12,164,7276.900000000001
18230.0,9,86,2810.2000000000003
18231.0,192,124,2083.27
18232.0,82,37,592.97
18233.0,326,1,440.0
18235.0,72,104,1796.48
18236.0,30,49,882.24
18237.0,3,61,987.1
18239.0,219,88,1561.6100000000001
18240.0,46,6,422.58
18241.0,10,104,2073.09
18242.0,72,78,2232.4900000000002
18245.0,7,175,2567.06
18246.0,24,4,596.1
18248.0,123,47,804.02
18249.0,17,8,95.34
18250.0,310,21,349.27
18251.0,87,16,4314.72
18252.0,51,98,526.67
18255.0,89,6,103.3
18257.0,39,118,2337.63
18259.0,25,42,2338.6000000000004
18260.0,173,134,2643.2000000000003
18261.0,43,21,324.24
18262.0,140,13,149.48
18263.0,26,61,1213.1599999999999
18265.0,72,46,801.51
18268.0,134,1,25.5
18269.0,366,7,168.6
18270.0,38,11,283.15
18272.0,3,166,3078.58
18273.0,2,3,204.0
18274.0,30,11,175.92
18276.0,44,14,335.86
18277.0,58,8,110.38
18278.0,74,9,173.9
18280.0,278,10,180.60000000000002
18281.0,181,7,80.82
18282.0,8,12,178.05
18283.0,4,756,2094.88
18287.0,43,70,1837.28
